-- --------------------------------------------------------
-- Host:                         localhost
-- Server version:               5.7.24 - MySQL Community Server (GPL)
-- Server OS:                    Win64
-- HeidiSQL Version:             10.2.0.5599
-- --------------------------------------------------------

/*!40101 SET @OLD_CHARACTER_SET_CLIENT=@@CHARACTER_SET_CLIENT */;
/*!40101 SET NAMES utf8 */;
/*!50503 SET NAMES utf8mb4 */;
/*!40014 SET @OLD_FOREIGN_KEY_CHECKS=@@FOREIGN_KEY_CHECKS, FOREIGN_KEY_CHECKS=0 */;
/*!40101 SET @OLD_SQL_MODE=@@SQL_MODE, SQL_MODE='NO_AUTO_VALUE_ON_ZERO' */;

-- Dumping data for table pro1014.blog: ~13 rows (approximately)
/*!40000 ALTER TABLE `blog` DISABLE KEYS */;
INSERT INTO `blog` (`id`, `user_id`, `title`, `created`, `update`, `thumb`, `description`, `content`, `view`, `show`, `priority`) VALUES
	(1, 1, 'Thương hiệu thời trang Fila có gì đặc biệt?', '2020-11-01 08:52:06', NULL, 'assets/img/blog/1/fila-la-gi.jpg', 'Fila là gì? Giày Fila của nước nào? Thương hiệu đình đám được các sao Việt và Quốc tế liên tục lăng xê trong khoảng thời gian qua. Hãy cùng SaigonSneaker.com mổ xẻ để tìm ra nguyên nhân qua bài viết nhé.', '1. Ý nghĩa thương hiệu thời trang Fila<br><br>Với những tính đồ thời trang và đặc biệt là những ai ưa thích street style, chắc hẳn chúng ta không còn lạ lẫm với thương hiệu mang tên Fila. Những đôi giày với logo Fila đã – đang và sẽ còn được diện trên đường phố như một biểu tượng của sự năng động và thời thượng. Vậy hãy cùng tìm hiểu và lý giải sức hút của thương hiệu này đối với giới trẻ nhé.<br><br>Fila, Inc. là một công ty chuyên sản đồ thể thao của Hàn Quốc, được thành lập tại Ý.<br><br>Được thành lập vào năm 1911 tại Ý sau đó được tiếp quản bởi Fila Hàn Quốc vào năm 2007, Fila nay đã đã được sở hữu và quản lý tại công ty mẹ ở Hàn Quốc. Chủ tịch cũng như CEO của công ty là Yoon-Soo Yoon, hiện nay Fila đã có văn phòng đại diện tại 11 quốc gia trên thế giới<br>Nghĩa của từ Fila là gì<br><br>Fila là một từ trong tiếng Ý, nó có nghĩa là Sắp xếp; Kế tiếp.<br><br>Hàm ý của từ Fila là một sự liên tiếp có kế thừa và sự sáng tạo dựa trên sự kế thừa trước đó.<br>Sự phát triển của thương hiệu Fila<br><br>Trước khi trở thành một thương hiệu của Hàn Quốc thì Fila được bắt nguồn từ đất nước Ý vào năm 1911. Fila là một thương hiệu may mặc thể thao được thành lập bởi hai anh em nhà Fila.<br><br>Khởi điểm là một công ty chuyên sản xuất các sản phẩm may mặc cho khu vực dân cư xung quanh. Trong suốt quá trình phát triển, Fila dần trở thành doanh nghiệp dệt may cao cấp, chuyên cung cấp các sản phẩm thời trang thể thao đẳng cấp thế giới.<br>2. Những thông tin về Fila<br><br>Một thông tin khá thú vị về Fila đó là vào lúc mới thành lập và chưa xây dựng được tiếng tăm trên thị trường thì nhãn hiệu này chủ yếu sản xuất đồ lót.<br><br>Nhưng kể từ khi lấn sân sang mảng trang phục thể thao và được vận động viên quần vợt Björn Borg sử dụng thì Fila đã thu hút được nhiều sự chú ý hơn.<br><br>Tuy nhiên từ năm 2003, Fila phải bán lại thương hiệu cho Cerberus Capital Management – quỹ tự bảo hiểm rủi ro, do làm ăn khó khăn. Do có những chiến lược thích hợp từ&nbsp; Cerberus Capital Management, Fila dần phát triển trên toàn thế giới.<br><br>Ban đầu Fila Korea chỉ là một công ty hoạt động độc lập của thương hiệu cùng tên, tuy nhiên sau khi về chung một nhà vào năm 2007 thì thương hiệu này đã trở nên nổi tiếng, cạnh tranh với các sản phẩm phân khúc thấp như Vans, Converse,..<br>3. Các item của Fila bạn nên sở hữu<br><br>Kể từ giai đoạn năm 2017 đến gần đây, hẳn chúng ta không còn xa lạ với sự hiện diện của các sản phẩm của Fila tại thị trường Việt Nam. Thương hiệu Hàn Quốc này đã cho ra nhiều dòng sản phẩm gây sốt cho giới trẻ yêu thời trang. Hãy cùng điểm qua những cái tên đang “hot” của Fila nhé!<br>Giày Fila<br><br>Có một điều không thể phủ nhận được đó là độ hot của những đôi Sneaker của thương hiệu Fila. Được thiết kế theo phong cách hầm hố nhưng vẫn tùy biến để phù hợp với dáng người Châu Á, đôi sneaker Fila “chất lừ” đã lên ngôi khiến cho bất kì ai cũng muốn sở hữu.<br>fila là gì<br><br>Thiết kế đẹp mắt của Fila Disruptor 2<br><br>Với phối màu full trắng, đôi sneaker Fila vừa thời thượng lại cực kỳ dễ phối đồ. Bạn có thể kết hợp nó với nhiều kiểu trang phục và biến hóa để có một outfit chất lượng nhất.<br>fila shoes<br><br>Một thiết kế khác cũng bắt mắt không kém của Fila, đó là sneaker full đen.<br>Dép Fila<br><br>Không chỉ được ưa thích ở những đôi giày hầm hố mà dép Fila cũng là một sản phẩm “Hot” không kém. Dép Fila được giới trẻ yêu chuộng bởi sự đơn giản, tính tiện dụng nhưng vẫn thời trang, dễ dàng phối đồ.<br>thời trang fila<br><br>Dép Fila trắng – phối màu gây bão của năm 2019<br>thương hiệu fila<br><br>Đen và trắng là hai phối màu cơ bản và được yêu thích nhất của dép Fila<br>Áo thun Fila Big logo<br><br>Bên cạnh những đôi Sneaker thì mặt hàng quần áo Fila cũng là một sản phẩm được yêu thích không kém. Những chiếc áo Fila đơn giản chỉ có logo và được tập trung vào chất liệu đã làm nên sự đặc biệt cho sản phẩm này.<br>fila t shirt<br><br>Thiết kế đơn giản nhưng đẹp mắt của T-Shirt Fila<br><br>Nếu muốn sắm cho mình một set đồ đơn giản nhưng sành điệu thì áo phông Fila là một sự lựa chọn hoàn hảo cho bạn. Với thiết kế tối giản dễ dàng cho bạn phối đồ và chất liệu tốt mang lại cảm giác thoải mái cho người mặc, áo thun Fila sẽ làm hài lòng bạn ngay đấy.<br>quần áo fila<br><br>Nếu muốn nổi bật hơn, bạn có thể chọn chiếc áo thun Fila với phối màu lạ mắt này.<br>Quần Fila<br><br>Là hãng thời trang thể thao nên các mẫu quần Fila cũng thiên về sự đơn giản, mang lại sự thoải mái, năng động và trẻ trung cho người mặc. Quần Fila được may bằng chất liệu tốt, giá thành phù hợp và có nhiều mẫu mã như Jogger, quần ống rộng, Legging,…<br>fila vietnam<br><br>Sơn Tùng MTP – một Fan của thương hiệu Fila<br>fila track pants<br><br>Chiếc track pants với thiết kế phá cách và phối màu năng động<br>fila leggings<br><br>Quần legging Fila cũng là một lựa chọn không tồi dành cho những cô nàng năng động<br><br>Qua bài viết trên bạn đã hiểu rõ thương hiệu Fila là gì. Là một trong những thương hiệu thời trang được giới trẻ yêu thích bởi sự đơn giản, cá tính nhưng cũng rất thời trang, Fila đang từng ngày khẳng định độ “hot” của nó trên thị trường thời trang. Bạn hãy chọn cho mình một sản phẩm ưa thích nhất của thương hiệu này nhé.<br>', 295, b'1', NULL),
	(2, 1, 'Ý nghĩa và sự khác nhau của các biểu tượng của thương hiệu Adidas', '2020-11-18 18:31:50', NULL, 'assets/img/blog/2/adidas-logo.jpg.jpg', 'Trong thị trường giày thể thao hiện nay, không thể nào không nhắc đến thương hiệu Adidas. Qua thời gian, Adidas càng ngày càng phát triển, song song với đó logo biểu tượng cho thương hiệu cũng thay đổi theo.', '<p><br></p><p><em>Trong thị trường giày thể thao hiện nay, không thể nào không nhắc\r\n đến thương hiệu Adidas. Qua thời gian, Adidas càng ngày càng phát \r\ntriển, song song với đó logo biểu tượng cho thương hiệu cũng thay đổi \r\ntheo. Tùy vào từng thời gian giai đoạn quảng bá hay dòng sản phẩm sẽ \r\nđược in những adidas logo khác nhau. Chính vì thế, hôm nay chúng tôi sẽ \r\nbật mí cho các bạn về ý nghĩa và sự khác nhau của 3 <strong>logo Adidas</strong> đẹp nhưng quen thuộc qua từng mốc thời gian.</em></p><h2><strong>1. Logo đại diện cho cả tập đoàn</strong></h2><p>Khi sáng tạo ra thương hiệu Adidas, các nhà điều hành của tập đoàn luôn băn khoăn không biết nên lấy logo nào là <strong>biểu tượng adidas</strong> chính cho cả thương hiệu.</p><p>Đến tận năm 2005, các nhân viên trong tập đoàn đã quyết định lấy biểu\r\n tượng đơn giản nhất, dễ nhớ nhất là ba sọc ngang nằm cạnh chữ adidas để\r\n làm logo chính thức.</p><p><strong>Adidas logo</strong> này đáp ứng được sự tối giản, dễ nhớ và \r\ncả tính linh hoạt. Bởi dựa theo logo này, khách hàng rất dễ nhớ ra những\r\n logo khác của adidas</p><div class="se-component se-image-container __se__float-center" contenteditable="false"><figure style="margin: auto;"><img src="https://saigonsneaker.com/wp-content/uploads/2020/01/logo-adidas.jpg.webp" alt="" data-rotate="" data-proportion="true" data-rotatex="" data-rotatey="" data-align="center" data-size="," data-percentage="auto,auto" data-index="0" data-file-name="logo-adidas.jpg.webp" data-file-size="0" data-origin="," style=""></figure></div><p>Logo đại diện của thương hiệu Adidas</p><p>Ý tưởng 3 sọc của thương hiệu Adidas bắt nguồn từ việc thiết kế đôi \r\ngiày của anh em nhà Dassler. Ban đầu, ba sọc gạch chéo này được may lên \r\ncác bộ phận của đôi giày để giúp chúng có khả năng bám dính và dễ ổn \r\nđịnh hơn khi di chuyển nhanh.</p><p>Nhưng dần về sau, chi tiết này được phát triển trở thành 3 sọc trang trí và là biểu tượng đặc trưng cho toàn tập đoàn Adidas.</p><h2><strong>2. Ý nghĩa logo adidas tam giác 3 sọc</strong></h2><p>Logo tam giác 3 sọc là loại <strong>logo adidas</strong> dễ thấy \r\nnhất, ra đời năm 1991, nó được gọi là adidas Performance (nhằm chỉ đến \r\nsự vận động của thể thao). Chính vì thế logo này hay xuất hiện trên \r\nnhững sản phẩm giày thể thao, các sản phẩm liên quan đến thể thao như \r\nquần áo, túi, balo,…. Ngoài ra, thương hiệu cũng dùng logo này để tài \r\ntrợ cho các câu lạc bộ, bộ môn liên quan đến thể thao như bóng đá, bóng \r\nbầu dục,…</p><div class="se-component se-image-container __se__float-center" contenteditable="false"><figure style="margin: auto;"><img src="https://saigonsneaker.com/wp-content/uploads/2020/01/bieu-tuong-adidas.jpg.webp" alt="" data-rotate="" data-proportion="true" data-rotatex="" data-rotatey="" data-align="center" data-size="," data-percentage="auto,auto" data-index="1" data-file-name="bieu-tuong-adidas.jpg.webp" data-file-size="0" data-origin="," style=""></figure></div><p>Biểu tượng adidas thường thấy trên những đôi giày</p><p>Ngoài ra, 3 sọc hình tam giác của <strong>adidas logo</strong> được \r\nthiết kế với góc nghiêng 30 độ. Các nhà sáng tạo còn cho biết, ba sọc \r\nnày tượng trưng cho những ngọn núi, với núi sau luôn cao hơn núi trước \r\nnhằm ám chỉ các thử thách phải vượt qua.</p><div class="se-component se-image-container __se__float-center" contenteditable="false"><figure style="margin: auto;"><img src="https://saigonsneaker.com/wp-content/uploads/2020/01/thuong-hieu-adidas.jpg.webp" alt="" data-rotate="" data-proportion="true" data-rotatex="" data-rotatey="" data-align="center" data-size="," data-percentage="auto,auto" data-index="2" data-file-name="thuong-hieu-adidas.jpg.webp" data-file-size="0" data-origin="," style=""></figure></div><p>Quả bóng đá được sử dụng trong World Cup 2018 gần đây nhất do Adidas Performance sản xuất</p><p>Hơn nữa còn có câu slogan rất ý nghĩa đi kèm “Challenge to be faced, \r\nGoals to be achieved” (tạm dịch: “Chinh phục thử thách, đạt được mục \r\ntiêu”).</p><h2><strong>3. Giải thích Logo cỏ 3 lá – adidas Originals là gì</strong></h2><p>Một logo khác của adidas mà chúng ta vẫn thường hay thấy đó chính là <strong>adidas 3 lá</strong>.\r\n Cỏ 3 lá được lấy làm hình ảnh chính và logo này được biết với cái tên \r\n“Trefoil logo” hay “adidas Originals” – ở đây Trefoil còn có nghĩa là 3 \r\nlá – được sáng tạo ra vào năm 1971.</p><p>Tập đoàn đã quyết định sử dụng logo này nhằm mục đích trang trí, tạo \r\nnét thời trang cho sản phẩm hơn là với mục đích thể thao. Hơn nữa, các \r\nthiết kế có logo này cũng được công nhận mang đến cảm giác “old-school”,\r\n retro với nét độc đáo riêng biệt, đặc biệt được các bạn trẻ trong giới \r\nsneaker yêu thích.</p><div class="se-component se-image-container __se__float-none" contenteditable="false"><figure style="margin: 0px;"><img src="https://saigonsneaker.com/wp-content/uploads/2020/01/adidas-3-la.jpg.webp" alt="" data-rotate="" data-proportion="true" data-rotatex="" data-rotatey="" data-size="," data-align="none" data-percentage="auto,auto" data-index="3" data-file-name="adidas-3-la.jpg.webp" data-file-size="0" data-origin="," style=""></figure></div><p>Logo adidas 3 lá</p><p>Do đó ở các sản phẩm như Adidas Stan Smith hay Adidas Super Star và \r\nmột số dòng OG khác bạn sẽ thấy logo này. Logo này là đại diện cho \r\nAdidas Original – hướng đi khác so với mảng Adidas Performance.</p><div class="se-component se-image-container __se__float-center" contenteditable="false"><figure style="margin: auto;"><img src="https://saigonsneaker.com/wp-content/uploads/2020/01/logo-adidas-dep.jpg.webp" alt="" data-rotate="" data-proportion="true" data-rotatex="" data-rotatey="" data-align="center" data-size="," data-percentage="auto,auto" data-index="4" data-file-name="logo-adidas-dep.jpg.webp" data-file-size="0" data-origin="," style=""></figure></div><p>Adidas SuperStar – dòng sản phẩm thuộc Adidas Original với logo 3 lá</p><h2><strong>4. Logo hình tròn – adidas Neo logo</strong></h2><p>Adidas logo hình tròn là mẫu logo ít được người tiêu dùng biết tới \r\nnhất. Vẫn giữ nguyên ba sọc đặc trưng nhưng chúng được biến tấu nằm \r\ntrong một hình tròn. Logo ra đời nhằm đại diện cho các sản phẩm mang đặc\r\n tính adidas Style, và đây cũng là một trong những phân khúc được adidas\r\n đầu tư trên thị trường giày thể thao.</p><div class="se-component se-image-container __se__float-center" contenteditable="false"><figure style="margin: auto;"><img src="https://saigonsneaker.com/wp-content/uploads/2020/01/hinh-anh-adidas.jpg.webp" alt="" data-rotate="" data-proportion="true" data-rotatex="" data-rotatey="" data-align="center" data-size="," data-percentage="auto,auto" data-index="5" data-file-name="hinh-anh-adidas.jpg.webp" data-file-size="0" data-origin="," style=""></figure></div><p>Logo adidas Neo có hình tròn</p><p>Trong phân khúc này, adidas đã cho ra đời các dòng sản phẩm phù hợp với từng người tiêu dùng.</p><p>Ví dụ như Adidas NEO sẽ là dòng sản phẩm với những mặt hàng có giá cả\r\n phải chăng, có đôi khi còn thấp hơn giá mặt bằng chung để thu hút người\r\n tiêu dùng, đặc biệt là giới trẻ.</p><p>Hay như dòng sản phẩm Y-3 (Collaboration giữa Adidas và Yohji \r\nYamamoto) là một nhánh mang đậm tính thời trang, thời thượng với mức giá\r\n cao cấp hơn.</p><p>Trên đây là 3 dòng logo nổi bật và <strong>ý nghĩa logo adidas</strong> của nó. Mong rằng qua bài viết này, bạn đã có thêm nhiều thông tin bổ ích hơn về thương hiệu nổi tiếng adidas.</p>', 0, b'1', NULL),
	(3, 1, 'Nike Air Mag – Đôi giày đắt nhất Thế Giới', '2020-11-18 18:54:57', NULL, 'assets/img/blog/3/nike-mag-doi-giay-dat-nhat-the-gioi.jpg', 'Nike là một trong thương hiệu về giày thể thao nổi tiếng trên thế giới. Sản phẩm của tập đoàn Nike không chỉ đáp ứng về chất lượng mà còn về vẻ ngoài thời trang, phong cách. Ngoài ra, Nike cũng là thương hiệu đầu tiên tung ra đôi sneaker có có khả năng tự thắt dây với giá không tưởng.', '<p><br></p><p>Nike là một trong thương hiệu về giày thể thao nổi tiếng trên \r\nthế giới. Sản phẩm của tập đoàn Nike không chỉ đáp ứng về chất lượng mà \r\ncòn về vẻ ngoài thời trang, phong cách. Ngoài ra, Nike cũng là thương \r\nhiệu đầu tiên tung ra đôi sneaker có có khả năng tự thắt dây với giá \r\nkhông tưởng. Hàng chục câu hỏi đặt ra, tại sao nó lại có giá như vậy? \r\nHãy cùng SaigonSneaker.com tìm câu trả lời cho đôi <strong>Nike air mag</strong> – đôi <strong>giày đắt nhất thế giới</strong> nhé!<br><br></p><h2><strong>1. Đôi giày đầu tiên trên thế giới tự thắt dây</strong></h2><p>Nếu bạn biết đến series phim đình đám Back To The Future thì bạn chắc chắn sẽ nhận ra cảm hứng cho đôi <strong>nike air mag</strong>. Vào năm 1989, khi phần 2 của loạt phim điện ảnh Back To The Future trình làng thì đã tạo nên một cơn sốt.</p><p>Song song với nội dung phim về việc du hành đến tương lai, bộ phim đã\r\n phần nào quảng cáo cho thương hiệu Nike với đôi giày có khả năng tự \r\nthắt dây và phát sáng trong phim. Mặc dù chi tiết đó hoàn toàn do kỹ xảo\r\n nhưng rất nhiều fans hâm mộ thời bấy giờ luôn tự hỏi: “Liệu Nike sẽ tạo\r\n được sản phẩm như vậy trong tương lai chứ?”</p><div class="se-component se-image-container __se__float-center" contenteditable="false"><figure style="margin: auto;"><img src="https://saigonsneaker.com/wp-content/uploads/2020/01/nike-mag-doi-giay-dat-nhat-the-gioi.jpg.webp" alt="" data-rotate="" data-proportion="true" data-rotatex="" data-rotatey="" data-align="center" data-size="," data-percentage="auto,auto" data-index="1" data-file-name="nike-mag-doi-giay-dat-nhat-the-gioi.jpg.webp" data-file-size="0" data-origin="," style=""></figure></div><p>Nike Air Mag 2016 – Đôi giày đắt giá của thế giới</p><p>Vì là đôi giày sneaker có tích hợp công nghệ thông minh nên một sản phẩm như <strong>Nike air mag</strong> được rất nhiều các Sneakerhead mong chờ. Nhưng phải thú nhận rằng đôi giày khá “xấu”.</p><h2><strong>2. Nike air mag giá cao đỉnh điểm và cơn sốt khi lần đầu ra mắt</strong></h2><p>Sau 20 năm từ sau bộ phim đình đám Back To The Future 2, Nike tạo nên\r\n cơn sốt khi bất ngờ tung ra đôi giày có tên Hyperdunk 2008. Đôi giày \r\nnày được Nike phối màu đặc biệt thời thượng và chỉ bán với số lượng giới\r\n hạn tại Los Angeles. Và đôi Hyperdunk này tiếp tục làm mưa làm gió cho \r\nđến năm 2011.</p><div class="se-component se-image-container __se__float-none" contenteditable="false"><figure style="margin: 0px;"><img src="https://saigonsneaker.com/wp-content/uploads/2020/01/giay-nike-mag.jpg.webp" alt="" data-rotate="" data-proportion="true" data-rotatex="" data-rotatey="" data-size="," data-align="none" data-percentage="auto,auto" data-index="2" data-file-name="giay-nike-mag.jpg.webp" data-file-size="0" data-origin="," style=""></figure></div><p>Đôi giày bóng rổ Nike Hyperdunk được release năm 2008</p><p>Đến năm 2011, Nike tung ra một phiên bản với thiết kế rất giống Air \r\nMag nhưng với cái tên “Back to The Future”, điều này lại làm người hâm \r\nmộ một lần nữa sục sôi.</p><p>Nike chỉ bán ra 1510 đôi trên eBay, điều đó làm rất nhiều người mong \r\nmuốn sở hữu và unbox (khui hộp giày) một trong những đôi sneaker này. \r\nNhưng dù gây chú ý với cái thiết kế giống trong phim nhưng Back to The \r\nFuture phiên bản năm 2011 vẫn chưa có chế độ tự động cột dây như mong \r\nchờ.</p><div class="se-component se-image-container __se__float-none" contenteditable="false"><figure style="margin: 0px;"><img src="https://saigonsneaker.com/wp-content/uploads/2020/01/giay-nike-air-mag.jpg.webp" alt="" data-rotate="" data-proportion="true" data-rotatex="" data-rotatey="" data-size="," data-align="none" data-percentage="auto,auto" data-index="3" data-file-name="giay-nike-air-mag.jpg.webp" data-file-size="0" data-origin="," style=""></figure></div><p>Nike Air Mag “Back to The Future” lần đầu tiên ra mắt</p><p>Và điều tất cả mọi người mong chờ cũng tới, sau 5 hoàn thiện, <strong>Nike air mag</strong> phiên bản được release năm 2016 đã đem đến cho cả thế giới sự bất ngờ.</p><p>Chỉ với một nút bấm ở cổ giày, bạn chỉ cần nhấn và giữ vài giây để hệ\r\n thống power laces sẽ được kích hoạt, khi đó giày sẽ tự động ôm gọn vào \r\nbàn chân của người dùng. Đây là một bước tiến lớn giúp <strong>Nike air mag</strong> trở thành đôi sneaker huyền thoại và trở thành một trong những đôi giày đắt nhất thế giới.</p><div class="se-component se-image-container __se__float-none" contenteditable="false"><figure style="margin: 0px;"><img src="https://saigonsneaker.com/wp-content/uploads/2020/01/giay-air-mag.jpg.webp" alt="" data-rotate="" data-proportion="true" data-rotatex="" data-rotatey="" data-size="," data-align="none" data-percentage="auto,auto" data-index="4" data-file-name="giay-air-mag.jpg.webp" data-file-size="0" data-origin="," style=""></figure></div><p>Nike Air Mag với mức giá resell cao ngất ngưởng</p><p>Khi đôi giày <strong>nike air mag</strong> “Back to the Future” bản \r\n2011 lần đầu tiên được tung ra, theo báo cáo thống kê của Nike, hãng đã \r\nthu về được 5,7 triệu USD cho một buổi đấu giá. Được biết mức giá retail\r\n của đôi giày là 2.500 USD và giá cao mức giá resell kỷ lục lên đến \r\n10.000 USD, đôi giày nghiễm nhiên đứng đầu danh sách những <strong>đôi giày đắt nhất thế giới</strong>.</p><p>Nhưng đây vẫn chưa là con số cao nhất, vào thời điểm <strong>Nike air mag 2016</strong>\r\n được tung ra, giá của đôi giày đã được đẩy lên tới 35.000 USD, hay thậm\r\n chí là 75.000 USD. Shock hơn nữa, vào lúc size 39 của đôi giày khan \r\nhiếm thì nó đã được định giá 139.000 USD ở eBay.</p><h2><strong>3. 15 điều có thể bạn chưa biết của Nike Mag</strong></h2><h3><strong>Air Mag là đôi sneaker đầu tiên Nike thiết kế dành riêng cho một bộ film</strong></h3><p>Mag – đôi giày đầu tiên mà Nike đặc biệt thiết kế dành cho bộ phim \r\nBack to the future 2: Vinh dự trở thành đôi giày đầu tiên mà Nike độc \r\nquyền thiết kế cho bộ phim mà không hề dựa vào bất kỳ mẫu nào khác, sản \r\nphẩm được hoàn thiện dựa trên những mẫu thiết kế sơ khai nhất, có thể là\r\n bản nháp.</p><p>Việc sản xuất một sản phẩm hoàn toàn mới để cống hiến cho phim ảnh \r\ncủa Nike được công chúng đánh giá cao, nhờ thành công đó Nike đã khẳng \r\nđịnh mình với vị trí số 1 trên toàn thế giới.</p><h3><strong>Tên gọi “Mag” là viết tắt của “Magnetic” (từ tính)</strong></h3><p>Chữ “Mag” trong tên gọi đến từ “Magnetic”: Từ Mag (từ tính, nam châm)\r\n đã được Tinker Hatfiled sử dụng đúng theo nghĩa đen. Thật vậy, đây là \r\nđôi giày nổi trội với công nghệ từ trường cùng những tính năng vốn có \r\ncủa một Nike Mag hệt như trong phim.</p><div class="se-component se-image-container __se__float-none" contenteditable="false"><figure style="margin: 0px;"><img src="https://saigonsneaker.com/wp-content/uploads/2020/01/nike-air-mag-2016.jpg.webp" alt="" data-rotate="" data-proportion="true" data-rotatex="" data-rotatey="" data-size="," data-align="none" data-percentage="auto,auto" data-index="5" data-file-name="nike-air-mag-2016.jpg.webp" data-file-size="0" data-origin="," style=""></figure></div><p>Lý do đôi giày dính được vào chiếc ván bay trong phim</p><h3><strong>Nike ảnh hưởng khá nhiều đến việc dựng phim</strong></h3><p>Nike đặc biệt có tiếng nói trong việc dàn dựng phim: Thoạt đầu cứ \r\nnghĩ sẽ rất khó bàn bạc và đàm phán khi có thay đổi gì trong quá trình \r\ndựng phim, tuy nhiên thực tế lại hoàn toàn trái ngược, và mọi thứ đều \r\ndiễn ra một cách suôn sẻ.</p><p>Nike không chỉ tự cho mình cơ hội để thử sức thiết kế một sản phẩm \r\nmới hoàn toàn, đồng thời được ra mắt sản phẩm ngay trong bộ phim ấy. \r\nTinker và Mark đã có cơ hội bắt tay nhau và tạo dựng nên một bộ phim \r\nthành công rực rỡ kèm theo đó là một siêu phẩm giày bậc nhất thế giới.</p><div class="se-component se-image-container __se__float-none" contenteditable="false"><figure style="margin: 0px;"><img src="https://saigonsneaker.com/wp-content/uploads/2020/01/nike-back-to-the-future.jpg.webp" alt="" data-rotate="" data-proportion="true" data-rotatex="" data-rotatey="" data-size="," data-align="none" data-percentage="auto,auto" data-index="6" data-file-name="nike-back-to-the-future.jpg.webp" data-file-size="0" data-origin="," style=""></figure></div><p>Kịch bản của bộ phim được Nike duyệt qua</p><h3><strong>Mag trong phim không thần thánh như bạn nghĩ</strong></h3><p>Trong bộ phim, Mag hoàn toàn không có power-lace: Trên phim ảnh, khi \r\nkhán giả đón xem cứ ngỡ là hiện thực, nhưng thực tế tất cả đều dựa trên \r\nsự dàn dựng chuyên nghiệp của đoàn phim.</p><p>Đôi giày được mang trong bộ phim chỉ được trang bị vào đó các hệ \r\nthống đèn thiết yếu, còn những tính năng khác đều phụ thuộc vào kỹ xảo \r\ncủa công nghệ. Bật mí rằng power lace mà bạn nhìn thấy trong phim, tất \r\ncả đều nhờ sự trợ giúp của dàn back-up dưới lòng đất để mang lại cảm \r\ngiác tự buộc dây giày trở nên chân thật hơn.</p><h3><strong>Có đến 2-3 size giày Nike Mag trong phim</strong></h3><p>Có nhiều size khác nhau cho Nike Air Mag: trong bộ phim, Mag được đầu\r\n tư kỹ lưỡng với từng size giày. Ví dụ đơn giản rằng chân Michael J.Fox \r\nkhá nhỏ, trong khi đó diễn viên đóng thế cho ảnh có đôi chân to hơn rất \r\nnhiều.</p><h3><strong>Power lace – cái tên mà Tinker tự nghĩ ra</strong></h3><p>Tính năng “power lace”: Credit cho câu nói này trong kịch bản phim được trao cho cha đẻ của Nike Mag – Tinker Hatfield.</p><h3><strong>Thiết kế liền mạch và dấu Swoosh là thiết kế cho tương lai.</strong></h3><p>Đôi Mag với cấu trúc liền mạch, không đường may là xuất phát từ ý \r\ntưởng của Tinker cho đôi giày trong tương lai: Với sự phát triển công \r\nnghệ hiện đại ngày nay, mọi thứ đều trở nên công nghệ hoá, và cách chế \r\ntạo giày trong tương lai. Quả thật, đôi Mag ra đời với thiết kế không \r\nđường may rất độc đáo và đáng trải nghiệm.</p><div class="se-component se-image-container __se__float-none" contenteditable="false"><figure style="margin: 0px;"><img src="https://saigonsneaker.com/wp-content/uploads/2020/01/giay-tu-that-day-nike-mag.jpg.webp" alt="" data-rotate="" data-proportion="true" data-rotatex="" data-rotatey="" data-size="," data-align="none" data-percentage="auto,auto" data-index="7" data-file-name="giay-tu-that-day-nike-mag.jpg.webp" data-file-size="0" data-origin="," style=""></figure></div><p>Thiết kế với không một đường chỉ may của đôi Nike Mag – Một trong những đôi giày đẹp nhất thế giới</p><h3><strong>Bat Boots là đôi giày tiếp theo của Nike dành cho bộ phim khác</strong></h3><p>Nike Mag nổi trội và được biết đến nhiều tuy nhiên không phải là đôi \r\nduy nhất được Nike thiết kế cho bộ phim: Sau thành công rực rỡ của Back \r\nto the future 2, Nike tiếp tục thiết kế các mẫu giày khác cho bộ phim \r\nBat boots trong Batman.</p><div class="se-component se-image-container __se__float-none" contenteditable="false"><figure style="margin: 0px;"><img src="https://saigonsneaker.com/wp-content/uploads/2020/01/nike-air-max-95-bat-boots.jpg.webp" alt="" data-rotate="" data-proportion="true" data-rotatex="" data-rotatey="" data-size="," data-align="none" data-percentage="auto,auto" data-index="8" data-file-name="nike-air-max-95-bat-boots.jpg.webp" data-file-size="0" data-origin="," style=""></figure></div><p>Đôi Nike Air Max 95 Bat Boots xuất hiện trong phim Bat Man 1989</p><h3><strong>Nhà phát triển Nike Mag onfeet khiến tin đồn sự trở lại của đôi giày tăng cao</strong></h3><p>Câu chuyện về sự quay trở lại của Nike Mag cùng Tiffany Beers – nhà \r\nphát triển sản phẩm tại Nike Campus: Tiffany cùng Tinker đáng ra phải \r\ndiện đôi sneaker tuyệt nhất để tham dự một sự kiện của Nike Campus. Ban \r\nđầu Tinker quyết định mang đôi Mag, nhưng Tiffany lại ngại mang vị sợ \r\ngặp phải những rắc rối không đáng có. Kết quả là, Tiffany đã can đảm \r\ndiện đôi Mag đến sự kiện còn Tinker thì không. Nếu có ai hỏi về việc này\r\n thì Tinker chọn cách “no comment” (miễn bình luận)</p><h3><strong>Ý tưởng Nike Mag được quay lại vào 2005</strong></h3><p>Làm lại Nike Mag bắt đầu từ tháng 10 năm 2005: Tiffany Beers nhận \r\nthấy có rất nhiều người vẫn yêu thích Nike Mag và mong muốn sở hữu nó, \r\nchính vì vậy cô đã đề xuất ý kiến với Tinker để tiến hành tạo dự án làm \r\nlại Mag.</p><h3><strong>Kế hoạch ban đầu là đôi Nike Mag sẽ được giới thiệu vào kỷ niệm 20 năm của phim</strong></h3><p>Kế hoạch ban đầu là Mag sẽ được quay trở lại vào dịp kỷ niệm 20 năm \r\ncủa bộ phim Back to the future 2. Tuy nhiên có một số sơ xuất nhỏ trong \r\nkhâu tính toán nên dự định này đã không thực hiện được.</p><h3><strong>Bất ngờ với người onfeet đầu tiên</strong></h3><p>Muốn giữ bí mật về sự ra mắt hồi 2011, chính các nhân công nhà máy đã\r\n tự mình thử nghiệm sản phẩm: Size giày là một yếu tố vô cùng quan \r\ntrọng, thường thì có thể làm size to hơn nhưng rất khó để thiết kế size \r\nnhỏ hơn. Ban đầu hộ bắt đầu với size 9, không thành công nên đã quay lại\r\n với size 7 (size nhỏ nhất của Mag). Hầu như có rất nhiều công nhân ưng ý\r\n khi đi giày size 7, họ có thể dùng nó để mang mỗi ngày khi đến nơi làm \r\nviệc mà không gặp vấn đề gì</p><div class="se-component se-image-container __se__float-none" contenteditable="false"><figure style="margin: 0px;"><img src="https://saigonsneaker.com/wp-content/uploads/2020/01/doi-giay-dat-nhat-the-gioi.jpg.webp" alt="" data-rotate="" data-proportion="true" data-rotatex="" data-rotatey="" data-size="," data-align="none" data-percentage="auto,auto" data-index="9" data-file-name="doi-giay-dat-nhat-the-gioi.jpg.webp" data-file-size="0" data-origin="," style=""></figure></div><p>Hình ảnh nhân viên Nike onfeet đôi Nike Mag</p><h3><strong>Một nhà kho được xây dựng chỉ để giữ bí mật</strong></h3><p>Các đôi giày sau khi sản xuất xong, được đặt vào một nhà kho với độ \r\nbảo mật nghiêm ngặt để đảm bảo giá trị hoàn hảo khi bán đấu giá</p><h3><strong>Mức giá cao nhất năm 2011 là?</strong></h3><p>Trong lần đấu giá năm. 2011, Nike Air Mag giá cao nhất đạt kỷ lục lên\r\n đến $37,500, lọt vào trong top những đôi giày đắt nhất thế giới lúc bấy\r\n giờ</p><h3><strong>$4.7 tỷ đô là con số kỷ lục đôi giày tạo ra năm 2011</strong></h3><p>Sự kiện đấu giá của Mag năm 2011 được diễn ra trong vòng 10 ngày với \r\ngiá trị lên tới $4,7 tỉ. Tổng $9,4 tỉ được quyên góp cho quỹ nghiên cứu \r\nParkinson của Michael J.Fox.</p><div class="se-component se-image-container __se__float-none" contenteditable="false"><figure style="margin: 0px;"><img src="https://saigonsneaker.com/wp-content/uploads/2020/01/giay-dat-nhat-the-gioi.jpg.webp" alt="" data-rotate="" data-proportion="true" data-rotatex="" data-rotatey="" data-size="," data-align="none" data-percentage="auto,auto" data-index="10" data-file-name="giay-dat-nhat-the-gioi.jpg.webp" data-file-size="0" data-origin="," style=""></figure></div><p>​<span style="color: rgb(51, 51, 51); font-family: &quot;Helvetica Neue&quot;, sans-serif; font-size: 13px; font-style: normal; font-variant-ligatures: normal; font-variant-caps: normal; font-weight: 400; letter-spacing: normal; orphans: 2; text-align: left; text-indent: 0px; text-transform: none; white-space: normal; widows: 2; word-spacing: 0px; -webkit-text-stroke-width: 0px; background-color: rgb(255, 255, 255); text-decoration-style: initial; text-decoration-color: initial; display: inline !important; float: none;">Kỷ lục mà đôi Nike Air Mag tạo ra là 4.7 tỷ đô</span>​<br></p><p><br></p><p>Như vậy là toàn bộ thông tin và fun fact về đôi giày đắt giá nhất thế\r\n giới Nike Air Mag đã được SaigonSneaker.com tóm tắt lại. Nếu như bạn \r\nchưa có nhu cầu là một trong những người Việt Nam sở hữu Mag thì \r\nSaigonSneaker.com luôn sẵn sàng các mẫu giày khác để các bạn lựa chọn \r\nđấy.</p>', 0, b'1', NULL),
	(4, 1, 'Những mẫu giày Adidas Neo nam, nữ thịnh hành tại Việt Nam và trên thế giới', '2020-11-18 19:01:15', NULL, 'assets/img/blog/4/adidas-neo-la-gi.jpg', 'Adidas là một thương hiệu giày thể thao rất được yêu thích trên thị trường toàn cầu. Chúng ta thường quen thuộc với các dòng Adidas Originals nhưng bên cạnh đó, dòng Adidas Neo cũng được ưa chuộng không kém. Vậy Adidas Neo là gì? Hãy cùng khám phá nhé.', '<p><br></p><h2><strong>1. Adidas Neo là gì?</strong></h2><p>Với những ai đang theo đuổi phong cách thời trang năng động, mới lạ \r\nvà đầy ngẫu hứng thì Adidas Neo là một nhánh sản phẩm không thể bỏ qua.</p><div class="se-component se-image-container __se__float-none" contenteditable="false"><figure style="margin: 0px;"><img src="https://saigonsneaker.com/wp-content/uploads/2019/12/adidas-neo-la-gi.jpg.webp" alt="" data-rotate="" data-proportion="true" data-rotatex="" data-rotatey="" data-size="," data-align="none" data-percentage="auto,auto" data-index="0" data-file-name="adidas-neo-la-gi.jpg.webp" data-file-size="0" data-origin="," style=""></figure></div><p>Đôi giày Neo Adidas bình dân rất được ưa chuộng</p><p>Adidas Neo là dòng sản phẩm dành riêng cho phân khúc khách hàng trẻ \r\ntuổi. Đây là đối tượng khách hàng thích sự mới mẻ, phá cách, mong muốn \r\ntrải nghiệm những sản phẩm mới.</p><p>Từ khi ra mắt, dòng Adidas đã chiếm được cảm tình của giới trẻ khắp \r\nthế giới và có thể sánh ngang hàng với những dòng Adidas khác.</p><h2><strong>2. Ưu điểm của Adidas Neo</strong></h2><p>So với dòng giày adidas Originals truyền thống, thiết kế của dòng \r\nAdidas Neo mang hơi hướng độc đáo và mới lạ với những đặc điểm như sau:</p><div class="se-component se-image-container __se__float-none" contenteditable="false"><figure style="margin: 0px;"><img src="https://saigonsneaker.com/wp-content/uploads/2019/12/adidas-neo.jpg.webp" alt="" data-rotate="" data-proportion="true" data-rotatex="" data-rotatey="" data-size="," data-align="none" data-percentage="auto,auto" data-index="1" data-file-name="adidas-neo.jpg.webp" data-file-size="0" data-origin="," style=""></figure></div><p>Giày Adidas Neo nữ với form dáng ôm rất tôn chân người mang</p><h3><strong>Chất liệu</strong></h3><p>Tương tự như chất liệu của phiên bản cũ mà Adidas đã tung ra trước \r\nđó, Adidas Neo cũng sử dụng chất liệu da. Phần mũi giày được sử dụng \r\nchất da mềm như phần thân giày, điều tạo nên sự khác biệt so với dòng \r\nAdidas Superstar khi phần mũi giày của sản phẩm này được gia cố cứng cáp\r\n thành khối.</p><h3><strong>Thiết kế</strong></h3><p>Để hỗ trợ cho người sử dụng có thể di chuyển và hoạt động một cách \r\nlinh động và dễ dàng. Adidas Neo vừa có form dáng ôm vừa chân, vừa có \r\nphần đế giày khá mỏng. Đôi giày có trọng lượng nhẹ nhàng hơn nhiều so \r\nvới các loại giày truyền thống.</p><h3><strong>Giá thành</strong></h3><p>Việc sở hữu một đôi Adidas Neo không hề khó vì sản phẩm này được \r\nthiết kế hướng đến đối tượng là những khách hàng có độ tuổi từ 14 đến 19\r\n tuổi.</p><p>Giá thành của một đôi Adidas Neo trung bình chỉ bằng 1 phần 2 của một\r\n đôi Adidas Originals truyền thống. Đây cũng là lý do mà dòng sản phẩm \r\nnày rất được ưa thích.</p><h2><strong>3. Sự ra đời dòng giày Adidas Neo</strong></h2><p>Từ năm 2010 đến năm 2015, Adidas triển khai chiến lược kinh doanh với\r\n tên gọi ban đầu “Route 2015” với mục tiêu mở rộng thương hiệu. Adidas \r\nNeo trở thành một phần của chiến lược kinh doanh mới.</p><p>Với mục đích ban đầu là chỉ trở thành dòng thời trang “mì ăn liền” \r\ncủa thương hiệu lớn Adidas. Dòng sản phẩm này đã thu hút được phản ứng \r\ntích cực của đông đảo giới trẻ trên thế giới.</p><div class="se-component se-image-container __se__float-none" contenteditable="false"><figure style="margin: 0px;"><img src="https://saigonsneaker.com/wp-content/uploads/2019/12/giay-adidas-neo.jpg.webp" alt="" data-rotate="" data-proportion="true" data-rotatex="" data-rotatey="" data-size="," data-align="none" data-percentage="auto,auto" data-index="2" data-file-name="giay-adidas-neo.jpg.webp" data-file-size="0" data-origin="," style=""></figure></div><p>Rất nhanh sau khi được trình làng, đôi Adidas Neo đã trở thành một xu hướng nổi bật trong giới trẻ.</p><p>Tháng 2 năm 2012, sản phẩm Adidas Neo đầu tiên đã ra mắt và tạo nên \r\nchuỗi 10 cửa hàng dành cho Adidas tại Đức. Không chỉ dừng lại ở mảng \r\nthời trang “mì ăn liền” mà Adidas Neo đã tạo nên những thành công vượt \r\nbậc kể từ khi ra mắt.</p><p>Chỉ trong một thời gian ngắn, Adidas Neo đã mang về thành công lớn \r\ntrong chiến lược kinh doanh cho Adidas. Cơn lốc mang tên Adidas Neo đã \r\nlan rộng không chỉ trong phân khúc thị trường mục tiêu mà còn lấn sân \r\nsang những đối tượng khách hàng khác. Nhờ đó mà Adidas quyết định tập \r\ntrung phát triển và cải tiến không ngừng dòng sản phẩm này.</p><p>Kết quả là vào năm 2016, dòng Adidas Neo chính thức ứng dụng công \r\nnghệ Cloudfoam trên các mẫu giày của mình, nhằm mang lại một định nghĩa \r\nmới của sự trải nghiệm êm ái cho đôi chân, cho người sử dụng một cảm \r\ngiác thoải mái tuyệt đối nhẹ nhàng, êm ái hơn bao giờ hết.</p><h2><strong>4. Những đôi Adidas Neo đáng để sở hữu nhất</strong></h2><h3><strong>Adidas Neo Cloudfoam</strong></h3><div class="se-component se-image-container __se__float-none" contenteditable="false"><figure style="margin: 0px;"><img src="https://saigonsneaker.com/wp-content/uploads/2019/12/adidas-neo-cloudfoam-nu.jpg.webp" alt="" data-rotate="" data-proportion="true" data-rotatex="" data-rotatey="" data-size="," data-align="none" data-percentage="auto,auto" data-index="3" data-file-name="adidas-neo-cloudfoam-nu.jpg.webp" data-file-size="0" data-origin="," style=""></figure></div><p>Giày Adidas Neo Cloudfoam với thiết kế thời trang và năng động</p><p>Adidas Neo Cloudfoam sở hữu công nghệ đế giày Cloudfoam siêu nhẹ, \r\nđược kết hợp từ công nghệ EVA ở phần midsole và TPU phần đế outsole mang\r\n lại độ bền cao cho đôi giày. Với thiết kế thời trang đi cùng với tính \r\nứng dụng cao từ chất liệu, Neo Cloudfoam là một đôi sneaker dễ dàng kết \r\nhợp với quần áo trong nhiều hoàn cảnh.</p><p>Adidas sử dụng công nghệ Climacool, cùng với OrthoLite, tương tự \r\nnhững chiếc vớ thể thao êm ái, cho phần vải upper giày NEO Cloudfoam \r\nSuper Skate, cho bàn chân luôn thoáng mát. Bên cạnh đó, công nghệ \r\nclimacool cùng với Ortholite tựa như chiếc vớ thể thao êm ái cho bàn \r\nchân luôn được thoáng mát.</p><h3><strong>Adidas Neo Lite Racer</strong></h3><p>Một đôi Sneaker thường bị lầm tưởng bởi vẻ ngoài đơn giản đến mức \r\nnhạt nhẽo, nhưng sức “hot” ngoài sức tưởng tượng của nó đã khẳng định \r\nđược sự tinh tế toát lên từ đôi sneaker này.</p><div class="se-component se-image-container __se__float-none" contenteditable="false"><figure style="margin: 0px;"><img src="https://saigonsneaker.com/wp-content/uploads/2019/12/adidas-neo-nu.jpg.webp" alt="" data-rotate="" data-proportion="true" data-rotatex="" data-rotatey="" data-size="," data-align="none" data-percentage="auto,auto" data-index="5" data-file-name="adidas-neo-nu.jpg.webp" data-file-size="0" data-origin="," style=""></figure></div><p>Đôi giày Adidas Neo Lite Racer sành điệu</p><p>Với mức giá siêu mềm nhắm đến đối tượng khách hàng trẻ tuổi, cùng với\r\n vẻ ngoài trendy bắt mắt, thích hợp mọi dịp từ đi chơi – đi học – đi \r\nlàm, Adidas Neo Lite Racer đã chiếm trọn cảm tình của giới trẻ.</p><p>Adidas vẫn luôn giữ được sự đơn giản khi thiết kế sản phẩm của mình \r\nnhưng vẫn đầy đủ chức năng chính mang lại trải nghiệm tốt nhất cho người\r\n dùng.</p><h3><strong>Adidas Neo Advantage</strong></h3><p>Với thiết kế đơn giản nhưng thời trang và cá tính, Adidas Neo đã cho \r\nra mắt rất nhiều mẫu giày đáng đồng tiền bát gạo và đặc biệt là Adidas \r\nNeo Advantage.</p><div class="se-component se-image-container __se__float-none" contenteditable="false"><figure style="margin: 0px;"><img src="https://saigonsneaker.com/wp-content/uploads/2019/12/giay-adidas-neo-nu.jpg.webp" alt="" data-rotate="" data-proportion="true" data-rotatex="" data-rotatey="" data-size="," data-align="none" data-percentage="auto,auto" data-index="6" data-file-name="giay-adidas-neo-nu.jpg.webp" data-file-size="0" data-origin="," style=""></figure></div><p>Adidas Neo Advantage rất dễ phối đồ, cho bạn một vẻ ngoài chỉnh chu nhất.</p><p>Adidas Neo Advantage có nhiều nét tương đồng với đôi Adidas Stan \r\nSmith huyền thoại. Chất liệu da PU cao cấp thay thế cho Primeknit hoặc \r\nda nhuộm đem lại sự bền bỉ cho đôi giày và một vẻ ngoài hết sức thời \r\ntrang.</p><p>Chất liệu da PU Faux của dòng Neo này gần giống như lớp da thật của \r\nStan Smith, có khả năng chống nước, nhẹ và bền. Bạn có thể dễ dàng vệ \r\nsinh mà không để lại lốm đốm sau thời gian sử dụng.</p><h2><strong>5. Adidas Neo giá bao nhiêu?</strong></h2><p>Được thiết kế dành cho giới trẻ nằm trong độ tuổi từ 14 đến 19 tuổi. \r\nHọ là những bạn trẻ không muốn đầu tư quá nhiều vào những đôi giày nhưng\r\n vẫn mong muốn sở hữu một sản phẩm chất lượng và thời trang.</p><p>Vì thế những đôi <strong>giày Adidas NEO chính hãng</strong> có giá \r\nchính hãng giao động chỉ từ 1tr5 đến 2tr5. Vào những đợt sale lớn của \r\nhãng, bạn còn có thể nhanh tay sở hữu những đôi giày Neo với giá siêu \r\nhời. Hãy làm mới tủ đồ của mình với một đôi Adidas Neo thời trang nhé.</p><div class="se-component se-image-container __se__float-none" contenteditable="false"><figure style="margin: 0px;"><img src="https://saigonsneaker.com/wp-content/uploads/2019/12/adidas-neo-gia-bao-nhieu.jpg.webp" alt="" data-rotate="" data-proportion="true" data-rotatex="" data-rotatey="" data-size="," data-align="none" data-percentage="auto,auto" data-index="7" data-file-name="adidas-neo-gia-bao-nhieu.jpg.webp" data-file-size="0" data-origin="," style=""></figure></div><p>Adidas NEO giá được coi là tốt nhất so với các dòng khác của Adidas</p><h2><strong>6. Mua giày Adidas Neo ở đâu?</strong></h2><p>Là một thương hiệu thời trang nổi tiếng toàn cầu, tại Việt Nam cũng \r\ncó vô số các cửa hàng giày Adidas đang hoạt động nhằm đáp ứng nhu cầu \r\nthị trường.</p><p>Chỉ cần đi đến bất kỳ một con đường lớn nào hay các khu vực mua sắm \r\nsầm uất, bạn sẽ dễ dàng tìm thấy các shop giày Adidas với không gian \r\nsang trọng và đẳng cấp. Thậm chí, bạn có thể đặt mua online qua website \r\nnữa đấy. Hãy tham khảo những mẫu giày tại SaigonSneaker.com để chọn được\r\n đôi giày ưng ý nhất nhé.</p><div class="se-component se-image-container __se__float-none" contenteditable="false"><figure style="margin: 0px;"><img src="https://saigonsneaker.com/wp-content/uploads/2019/12/adidas-neo-cloudfoam-vietnam.jpg.webp" alt="" data-rotate="" data-proportion="true" data-rotatex="" data-rotatey="" data-size="," data-align="none" data-percentage="auto,auto" data-index="4" data-file-name="adidas-neo-cloudfoam-vietnam.jpg.webp" data-file-size="0" data-origin="," style=""></figure></div>', 0, b'1', NULL),
	(5, 1, 'Custom là gì? Cách custom sneaker bằng màu acrylic cực đẹp', '2020-11-18 19:05:46', NULL, 'assets/img/blog/5/custom-giay-1.jpg', 'Custom giày là một xu hướng đã du nhập vào Việt Nam một thời gian và nhận được sự hưởng ứng mạnh từ các bạn trẻ, đặc biệt dân chơi giày. Vậy bạn đã bao giờ tự tay thổi hồn vào đôi giày của mình chưa ? ', '<p><br></p><h2><strong>1. Giày custom – xu hướng thời trang nổi bật </strong></h2><p><strong>Custom giày</strong> là khái niệm không còn xa lạ gì đối với \r\nnhững người yêu giày. Có thể nói custom giày là một phương pháp “độ” \r\ngiày, giúp làm mới đôi giày thông qua những hình vẽ, ký họa,… thể hiện \r\nđược cá tính riêng.<br>\r\nTrong buổi phỏng vấn về xu hướng thời trang giày mới nhất, nhà thiết kế \r\nMinnesota Timberwolves đã chia sẻ quan điểm của mình: “Ai cũng có nhu \r\ncầu thể hiện bản thân mình”. Chuyện này giống như bạn đang ở trong một \r\nđội bóng, và bạn muốn đôi giày mình trở nên đặc biệt và dễ nhận ra hơn \r\nkhông chỉ bởi những con số và cái tên được viết lên. Và xu hướng cá nhân\r\n hóa đang ngày càng được giới trẻ ưa chuộng.”<br>\r\nĐể tạo ra những đôi giày “độc nhất vô nhị” phù hợp với style của mỗi \r\nkhách hàng, các ông lớn trong làng mốt giày đã cho ra mắt những dòng \r\nriêng để khách hàng thỏa sức sáng tạo, thể hiện cá tính, như Nike by \r\nyour custom shoes của Nike hay Vans với Design your own shoes.<br>\r\nNhưng nếu bạn giàu sức sáng tạo, yêu thích sự độc đáo thì bạn có thể \r\nthiết kế một đôi giày vẽ tay theo ý bạn, biến chúng không chỉ là một phụ\r\n kiện mà còn là tuyên ngôn nói lên bạn là ai.<br>\r\nNhững đôi giày thuộc nhiều thương hiệu khác nhau như được khoác thêm \r\nchiếc áo mới theo mong muốn của chủ nhân, bằng cách gắn thêm phụ kiện, \r\nthay đổi màu sắc hay vẽ lên những họa tiết lạ mắt.</p><div class="se-component se-image-container __se__float-none" contenteditable="false"><figure style="margin: 0px;"><img src="https://saigonsneaker.com/wp-content/uploads/2019/12/giay-custom.jpg.webp" alt="" data-rotate="" data-proportion="true" data-rotatex="" data-rotatey="" data-size="," data-align="none" data-percentage="auto,auto" data-index="0" data-file-name="giay-custom.jpg.webp" data-file-size="0" data-origin="," style=""></figure></div><p>Những mẫu giày “độc nhất” vô nhị phù hợp với cá tính mỗi người</p><h2><strong>2. Cách custom giày tại nhà:</strong></h2><p>Để tạo nên những đôi giày mang nét cá tính riêng, hãy để SaigonSneaker.com gợi ý bạn những <strong>cách vẽ giày</strong> của mình tại nhà nhé!</p><h3><strong>Chuẩn bị dụng cụ vẽ: </strong></h3><p>Việc custom giày nghe tưởng dễ nhưng lại dễ không tưởng, tất cả bạn \r\ncần là một đôi tay khéo léo và những dụng cụ sau (Lưu ý rằng đây chỉ là \r\nnhững dụng cụ phổ biến khi custom giày, tùy thuộc vào sức sáng tạo của \r\nbạn, hãy mua những gì phù hợp).</p><ul><li>Giày cũ hoặc mới (Nếu là giày cũ thì cần rửa sạch bề mặt bằng Easy Cleaner của Angelus)</li><li><strong>Màu vẽ giày</strong> Angelus, <strong>màu Acrylic</strong> (chọn màu theo sở thích bản thân)</li><li>Acrylic Finisher để bảo vệ lớp <strong>màu custom giày</strong>.</li><li>Bộ cọ vẽ</li><li>Khay đựng màu vẽ</li><li>Dao rọc giấy</li><li>Kéo</li><li>Băng kéo giấy<br></li></ul><div class="se-component se-image-container __se__float-none" contenteditable="false"><figure style="margin: 0px;"><img src="https://saigonsneaker.com/wp-content/uploads/2019/12/ve-giay.jpg.webp" alt="" data-rotate="" data-proportion="true" data-rotatex="" data-rotatey="" data-size="," data-align="none" data-percentage="auto,auto" data-index="2" data-file-name="ve-giay.jpg.webp" data-file-size="0" origin-size="600,338" data-origin="," style=""></figure></div><p>Dụng cụ vẽ giày đơn giản và dễ tìm</p><h3><strong>Vệ sinh giày </strong></h3><p>Nếu bạn chọn giày mới để custom thì có thể bỏ qua bước này, nhưng nếu bạn muốn <strong>sơn vẽ giày</strong> cũ thì hãy chắc chắn rằng mình đã vệ sinh giày thật sạch sẽ để màu lên được đẹp và <strong>mực vẽ giày</strong> sẽ có độ bám màu bền hơn. Giặt sạch đôi giày của bạn, phơi chúng khô ráo để chuẩn bị cho dự án nghệ thuật của mình.</p><div class="se-component se-image-container __se__float-none" contenteditable="false"><figure style="margin: 0px;"><img src="https://saigonsneaker.com/wp-content/uploads/2019/12/giay-ve.jpg.webp" alt="" data-rotate="" data-proportion="true" data-rotatex="" data-rotatey="" data-size="," data-align="none" data-percentage="auto,auto" data-index="3" data-file-name="giay-ve.jpg.webp" data-file-size="0" data-origin="," style=""></figure></div><p>Vệ sinh giày thật kỹ để khi vẽ, giày lên màu chuẩn và bền đẹp hơn</p><h3><strong>Phác thảo ý tưởng custom giày</strong></h3><p>Bạn đã có ý tưởng nào để custom đôi giày mình chưa? Nếu có thì hãy vẽ\r\n ra giấy nhé, còn nếu chưa thì thử tìm trên mạng những mẫu họa tiết yêu \r\nthích và tập luyện trước.</p><p>Lời khuyên là hãy dành thật nhiều thời gian vào việc tìm mẫu họa tiết\r\n phù hợp và luyện tập hay phác họa nháp trên giấy thật nhiều trước khi \r\nthực hành trên đôi giày của bạn. Vì một khi đã <strong>vẽ lên giày</strong>&nbsp;thì rất khó để xóa hay chỉnh sửa.<br>\r\nHơn nữa khi <strong>vẽ giày vải</strong> không có một mặt phẳng cố định thì rất khó khi thao tác. Đây là sẽ một thử thách với những bạn dự định <strong>vẽ giày Converse</strong> hay <strong>custom giày Vans</strong>.\r\n Đừng ngại luyện tập vẽ hàng chục lần, thậm chí ngay khi ngủ bạn cũng mơ\r\n thấy nó luôn nghĩa là bạn đã sẵn sàng “thổi hồn” cho đứa con yêu của \r\nmình rồi đấy! Tránh để “bút sa gà chết”nhé!</p><div class="se-component se-image-container __se__float-none" contenteditable="false"><figure style="margin: 0px;"><img src="https://saigonsneaker.com/wp-content/uploads/2019/12/son-giay.jpg.webp" alt="" data-rotate="" data-proportion="true" data-rotatex="" data-rotatey="" data-size="," data-align="none" data-percentage="auto,auto" data-index="4" data-file-name="son-giay.jpg.webp" data-file-size="0" data-origin="," style=""></figure></div><p>Hãy thoải mái sáng tạo những mẫu họa tiết độc đáo nhé!</p><h3><strong>Chia ranh giới </strong></h3><p>Sau khi đã vẽ phác thảo lên giày, bạn hãy định hình họa tiết trên giày để phân chia những vùng sẽ vẽ và những vùng giữ nguyên.<br>\r\nDùng băng keo dán kín những phần không vẽ để trong quá trình <strong>vẽ giày</strong>,\r\n màu không bị lem và tránh được những vệt màu không mong muốn. Hãy dùng \r\nbăng keo giấy không chỉ vì độ bám dính tốt mà khi gỡ ra ít để lại vết \r\nkeo.</p><h3><strong>Tiến hành vẽ giày </strong></h3><p>Ở bước này đòi hỏi sự khéo léo, tỉ mỉ và kiên nhẫn để hoàn thành tác phẩm. Nên dùng sơn gì để sơn giày? Nếu bạn mới tập tành <strong>custom giày</strong> thì hãy chọn <strong>sơn giày</strong> bằng màu Acrylic vì dễ mua và dễ sử dụng. <strong>Cách vẽ màu Acrylic lên giày</strong> sẽ theo các bước sau :</p><ul>\r\n<li>Dùng ghim để cố định giày.</li><li>Lựa chọn đầu cọ phù hợp, nhúng đầu cọ vào khay đựng và gạt màu ở thành khay để tránh lấy quá nhiều màu.</li><li>Vẽ viền theo họa tiết đã phác thảo. Ở bước này hãy thật sự cẩn thận \r\nbởi màu khô rất nhanh và bám bền nên khi tẩy sẽ gây ảnh hưởng đến bề \r\nmặt. Tuy vậy, bạn cũng có thể dùng màu Acrylic trắng để chỉnh sửa những \r\nchỗ lem không mong muốn và đợi khô để vẽ tiếp.</li><li>Khi vẽ xong bạn hãy để giày nơi khô ráo, thoáng mát để màu khô tự nhiên.</li></ul><div class="se-component se-image-container __se__float-none" contenteditable="false"><figure style="margin: 0px;"><img src="https://saigonsneaker.com/wp-content/uploads/2019/12/custom-sneaker.jpg.webp" alt="" data-rotate="" data-proportion="true" data-rotatex="" data-rotatey="" data-size="," data-align="none" data-percentage="auto,auto" data-index="5" data-file-name="custom-sneaker.jpg.webp" data-file-size="0" data-origin="," style=""></figure></div><p>Vẽ giày là bước yêu cầu sự tỉ mỉ, kiên nhẫn cao</p><h3><strong>Những lưu ý khi custom giày</strong></h3><ul>\r\n<li>Màu Acrylic nhanh khô nhưng có nhược điểm là khi để lâu trên bề mặt giày sẽ bị nứt.</li><li>Độ tan của từng loại màu là khác nhau nên khi pha màu, bạn hãy điều \r\nchỉnh lượng nước phù hợp để màu không bị vón cục hoặc quá loãng không \r\nlên màu chuẩn. Hãy tham khảo cách pha màu Acrylic hoặc cách sử dụng màu \r\nAcrylic vẽ giày để có những hướng dẫn cụ thể nhất.</li><li>Sử dụng những đầu cọ, bút vẽ giày phù hợp cho từng họa tiết khác \r\nnhau. Hãy đầu tư bộ cọ có kích thước đa dạng để tác phẩm có sự sắc nét \r\nvà tinh tế nhé.</li><li>Để giày giữ màu bền đẹp, sau khi vẽ xong, bạn cần chờ màu khô và xịt một lớp bóng bảo vệ.</li></ul><div class="se-component se-image-container __se__float-none" contenteditable="false"><figure style="margin: 0px;"><img src="https://saigonsneaker.com/wp-content/uploads/2019/12/sneaker-custom.jpg.webp" alt="" data-rotate="" data-proportion="true" data-rotatex="" data-rotatey="" data-size="," data-align="none" data-percentage="auto,auto" data-index="6" data-file-name="sneaker-custom.jpg.webp" data-file-size="0" data-origin="," style=""></figure></div><p>Sản phẩm giày sau khi được custom sẽ thể hiện cá tính của chủ nhân</p><p>Với những hướng dẫn đơn giản trên, SaigonSneaker.com hy vọng đã giúp \r\nbạn có những gợi ý hữu ích cho việc custom giày, giúp cho đôi giày của \r\nmình khoác lên một chiếc áo mới thật độc đáo và ấn tượng.<br>\r\nĐừng ngần ngại mà hãy mua cho mình một bộ màu vẽ giày, những phụ kiện đa\r\n dạng và một đôi giày tại SaigonSneaker.com để thực hiện ngay thôi. Và \r\ncũng đừng quên chụp những tấm hình trước và sau khi hoàn thành để ghi \r\nnhận thành quả cho sự cố gắng của bản thân, bạn nhé!</p>', 0, b'1', NULL),
	(6, 1, 'Unisex style là gì? Bí quyết phối đồ chuẩn phong cách thời trang phi giới tính', '2020-11-18 19:09:27', NULL, 'assets/img/blog/6/unisex-la-gi-1.jpg', 'Unisex là phong cách thời trang đậm tính cá nhân, ngày càng khẳng định vị thế quan trọng của mình. Nếu bạn không biết unisex là gì hay phối đồ theo phong cách này như thế nào, hãy cùng tìm hiểu qua bài viết dưới đây nhé.', '<p><br></p><h2><strong>1. Unisex là gì?</strong></h2><p>Trước khi tìm hiểu về phong cách unisex, ta hãy tìm hiểu unisex là gì\r\n nhé. Unisex là một từ được dùng để chỉ những vật, phạm trù không mang \r\ntính phân biệt giới tính hoặc không phân chia giới tính từ những năm \r\n1960. Mãi cho đến năm 2007, khái niệm này mới lần đầu tiên “thâm nhập” \r\nvào thị trường Việt Nam.<br>Trước hết, chúng ta cần phải rõ ràng phi \r\ngiới tính không hề liên quan đến giới tính, phong cách thời trang này \r\nkhông phải chỉ những người yêu cùng giới hay khác giới. Mà đây là phong \r\ncách thời trang không phân biệt giới tính. <br>Phong cách này ngay từ \r\nkhi xuất hiện tại Việt Nam có lẽ đã vấp phải những bình luận trái chiều \r\nvì sự độc đáo của nó, thế nhưng style unisex vẫn được ưa chuộng và phát \r\ntriển mạnh mẽ cho đến ngày hôm nay. <br>Phong cách này đã lấy lòng những\r\n bạn trẻ thế nào? Có lẽ đến với phong cách unisex nữ sẽ giúp họ trông \r\nmạnh mẽ hơn, cứng cáp hơn. Còn đối với các bạn nam sẽ có phần nào đó \r\nquyến rũ hơn chăng? Sự độc đáo, bắt mắt và không nhầm lẫn giữa cá nhân \r\nbạn với một ai khác chính là điểm đặc biệt nhất của phong cách này.</p><h2><strong>2. Thời trang Unisex ra đời như thế nào?</strong></h2><p>Sau khi đã biết unisex là gì, ta hãy tìm hiểu về lịch sử phát triển của phong cách thời trang này nhé.<br>Quần\r\n áo unisex lần đầu tiên ra đời và bắt đầu từ năm 1960 khi cửa hàng thời \r\ntrang danh tiếng nhất tại đại lộ Oxford đã bày bán các mặt hàng thời \r\ntrang unisex. Đến năm 1968, chính là thời kì đỉnh cao của style unisex \r\nkhi style này từ Mỹ đã lan rộng qua đến Pháp và kéo dài cho đến 1975 rồi\r\n mới lụi tàn. Tuy nhiên, một lần nữa khẳng định mình khi phong cách \r\nunisex đã “sống dậy” vào năm 1990 và duy trì đến tận ngày nay.</p><h2><strong>3. Cách phối đồ cực kỳ cá tính theo phong cách Unisex</strong></h2><p>Chắc chắn đến đây, bạn đã hiểu được <strong>đồ unisex là gì</strong> rồi. Vậy thì chúng ta hãy cùng tìm hiểu những cách phối đồ sao cho cá tính, năng động và thời trang nhé!</p><h3><strong>3.1. Quần áo form rộng</strong></h3><p>Có thể nói, những mẫu quần áo unisex nam, nữ phổ biến nhất hiện nay \r\nchính là các item rộng, oversized. Không chỉ với giới nam, các bạn nữ \r\ncũng yêu thích diện những trang phục form rộng vì sự thoải mái và năng \r\nđộng.<br>Những chiếc áo size rộng có thể phối cùng với quần jean, quần \r\njean rách hoặc những chiếc quần short đều được. Kết hợp với một vài phụ \r\nkiện độc đáo và cá tính, bạn đã thành công thu hút ánh nhìn của mọi \r\nngười rồi đấy.</p><p>Các bạn nữ hiện đại ưa chuộng phong cách này bởi sự thoải mái mà nó mang lại</p><p>Không nghi ngờ gì cả, chắc hẳn các bạn nam đều thích những item năng động này rồi!</p><h3><strong>3.2. Trang phục bó sát</strong></h3><p>Ngược lại với những trang phục phía trên, những item thời trang bó \r\nsát vốn được xem dành cho phái nữ ngày nay đã được dùng phổ biến cho cả \r\nhai giới. Các bạn nam hiện đại không ngại thể nghiệm những trang phục \r\nmàu sắc sáng hơn, chất vải ôm và rủ hơn cũng như thử những chiếc quần \r\nôm, quần skinny hay quần ngố.</p><p>Bạn hẳn sẽ khó phân biệt đây là đồ unisex nam hay hay quần áo unisex nữ phải không nào</p><p>Các chàng trai\r\n không ngại ngùng thử những món đồ unisex nam như: chiếc quần skinny, \r\nnón rộng vành thậm chí họa tiết hoa điệu đà chuẩn phong cách unisex nam</p><p>Với đồ Skinny thì những đôi sneaker như Nike Cortez sẽ rất phù hợp</p><p>Hay mix &amp; match với đôi Converse</p><h3><strong>3.3. Quần áo unisex tối màu</strong></h3><p>Có thể nói, không chỉ những ai theo phong cách unisex, mà có rất \r\nnhiều người cũng thích những trang phục đơn sắc và tối màu bởi sự tối \r\ngiản, lịch thiệp và dễ phối. Các sắc màu như xám, bạc hay đen hầu như \r\nđều được mọi người ưa thích và lựa chọn.</p><p>All black luôn là đỉnh nhất</p><p>Tone màu tối, trung tính như đen, xám hay beige được ưa chuộng trong phong cách unisex</p><h3><strong>3.4. Sáng tạo với đồ đôi</strong></h3><p>Nhờ vào size và thiết kế phi giới tính của phong cách này, rất nhiều cặp đôi đã lựa chọn những sản phẩm unisex để mặc cùng nhau.</p><p>Sự kết hợp tone-sur-tone này giúp ai cũng nhận biết rằng hai bạn là của nhau</p><p>Vô cùng đáng yêu với những phụ kiện unisex style</p><p>Lúc này những đôi Vans sẽ rất tuyệt vời cho concept đồ đôi</p><p>Hay một đôi Air Force I đơn giản cũng là lựa chọn sáng suốt</p><h2><strong>4. Cách chọn quần áo theo phong cách thời trang unisex nam, nữ</strong></h2><h3><strong>4.1. Áo sơ mi</strong></h3><p>Áo sơ mi unisex là gì? Có gì khác so với áo thông thường? Tuy không \r\ncó quá nhiều khác biệt trong thiết kế, trang phục nam và nữ vẫn có một \r\nvài điểm nhấn riêng. Các bạn nữ nên lưu ý chọn những chiếc áo unisex nữ \r\nrộng hơn ở phần vai và phần lưng để tạo độ thoải mái.</p><p>Áo sơ mi luôn là item được các bạn theo phong cách Unisex lựa chọn</p><p>Để tạo điểm nhấn cho phong cách Unisex luôn cần đến đôi Mc.QUEEN đơn giản.</p><p>Hoặc giày Stan Smith đều dễ dàng phối hợp cùng</p><h3><strong>4.2. Quần Jogger</strong></h3><p>Một trong các item đồ unisex được ưa chuộng nhất hiện nay chính là \r\nnhững chiếc quần jogger. những chiếc quần được làm từ loại vải có tính \r\nđàn hồi cao này sẽ mang đến sự thoải mái và năng động cho bạn. Tuy \r\nnhiên, bạn cũng cần chắc chắn mua sản phẩm phù hợp với số đo của mình để\r\n tránh sự bất tiện trong hoạt động nếu lỡ mua một chiếc quá nhỏ.</p><p>Những mẫu quần unisex cá tính này được yêu thích và sử dụng rộng rãi</p><p>Một đôi Yeezy Boost sẽ góp phần giúp set đồ của bạn thời thượng hơn</p><p>Một đôi Balenciaga Triple S sặc sỡ cũng sẽ giúp bạn “ngầu” hơn đó</p><h3><strong>4.3. Áo khoác</strong></h3><p>Bạn sẽ dễ dàng tìm cho mình những chiếc áo khoác unisex ngoài các cửa\r\n hiệu, tuy nhiên bạn vẫn cần phải lưu ý những yếu tố sau. Đối với các \r\nchiếc áo hoodie hay đặc biệt là jacket, bạn sẽ dễ bị đánh lừa về size \r\nthế nên bạn nên thử trước khi lựa chọn chi tiền cho sản phẩm.</p><p>Áo khoác luôn là item unisex thu hút</p><p>Nike Air Max 97 sẽ là một đôi giày vừa đủ “hầm hố” để mix cùng các trang phục unisex</p><p>Nếu thích mang giày cổ cao, các bạn nữ có thể chọn Converse nếu mix đồ cùng váy ngắn hoặc quần short nhé</p><h3><strong>4.4. Giày và phụ kiện</strong></h3><p>Nói về unisex ta có thể nói về các item giày và phụ kiện đi kèm như: \r\nvòng cổ, túi đeo chéo, thắt lưng. Thông thường đây đều là những item có \r\nthiết kế đơn giản, dễ phối hợp và dễ sử dụng cho cả nam và nữ.</p><p>Ta có thể dễ dàng bắt gặp những chiếc mũ lưỡi trai đầy cá tính</p><p>Bên cạnh Converse thì NMD cũng là một trong những mẫu giày unisex được ưa chuộng tại SaigonSneaker</p><p>Hoặc những đôi New Balance cổ điển cũng tạo điểm nhấn cho phong cách Unisex.</p><p>Với mong muốn phá vỡ rào cản về giới tính không chỉ trong thời trang \r\nmà còn nhiều khía cạnh khác trong cuộc sống, phong cách unisex đã phát \r\ntriển mạnh mẽ và khẳng định vị thế của mình trong thị trường thời trang \r\nngày nay. <br>Qua bài viết trên, mọi người đều đã biết <strong>unisex là gì</strong>, <strong>phong cách unisex</strong> là gì cũng như những cách phối hàng <strong>unisex</strong>\r\n đẹp và thời thượng nhất. Nếu bạn đang cần “tậu” cho mình những đôi giày\r\n unisex để phối hợp cùng set đồ của mình, hãy đến ngay với \r\nSaigonSneaker.com để tìm cho mình những mẫu giày độc đáo với mức giá hấp\r\n dẫn nhé.</p>', 0, b'1', NULL),
	(7, 4, 'Air Jordan 4 “Sao Biển” – Một sự biến tấu nhẹ của phối màu Bred', '2020-12-11 10:57:41', NULL, 'assets/img/blog/7/Air-Jordan-4-Starfish-2021-first-look-3-960x640.jpg', 'Air Jordan 4 có lẽ là một trong số ít những dòng giày được ưa chuộng nhất trong nhà Jordan Brand. Cùng với Retro 1 High, dòng 4 đang được dành nhiều cảm tình nhất của hãng trong năm nay.', '<p><a href="https://snkrvn.com/tag/air-jordan/">Air Jordan</a><span>&nbsp;</span>4 có lẽ là một trong số ít những dòng giày được ưa chuộng nhất trong nhà<span>&nbsp;</span><a href="https://snkrvn.com/tag/jordan-brand/">Jordan Brand</a>. Cùng với Retro 1 High, dòng 4 đang được dành nhiều cảm tình nhất của hãng trong năm nay. Không dừng lại ở đó, phiên bản<span>&nbsp;</span><a href="https://snkrvn.com/?s=Jordan+4">Jordan 4</a><span>&nbsp;</span>“Starfish”, tạm dịch là sao biển, sắp được trình làng. Một phiên bản làm chúng ta gợi nhớ đến phối màu “Bred” truyền thống.</p><p>Về phần màu sắc, phần upper có một màu ấm tinh tế bao phủ xuyên suốt. Chất liệu của upper được kết hợp từ những sợi chỉ đen và những biến tấu có tông màu cam, nhìn đôi giày thêm phần đẹp mắt. Phần lưỡi gà xem ra được làm giống như những phiên bản sample hay chỉ mới xuất xưởng. Vì chúng ta có thể thấy những góc cạnh và miếng foam được lộ ra. Logo Jumpman thường thấy trên lưỡi gà cũng có màu cam như toàn thân đôi giày. Phiếu sau gót giày sẽ xuất hiện logo Jump Man cực đại như mọi lần. Đây có thể nói phối màu này là màu “Bred” được chỉnh nhẹ màu xuống. Không còn đen tuyền như thường thấy, mà giống như<span>&nbsp;</span><a href="https://snkrvn.com/tag/jordan-brand/">Jordan Brand</a><span>&nbsp;</span>đã tháo lớp đen đó ra. Lộ ra một bộ khung giày chưa được hoàn thiện vậy.</p><p></p><figure><div class="se-component se-image-container __se__float-none" contenteditable="false"><figure style="margin: 0px;"><img src="https://snkrvn.com/wp-content/uploads/2020/11/Air-Jordan-4-Starfish-2021-first-look-3-1.jpg" data-sizes="(max-width: 1140px) 100vw, 1140px" alt="" data-proportion="true" data-align="none" data-index="1" data-file-name="Air-Jordan-4-Starfish-2021-first-look-3-1.jpg" data-file-size="0" origin-size="1140,1140" data-origin="," data-size="," data-rotate="" data-rotatex="" data-rotatey="" data-percentage="auto,auto" style=""><figcaption>Đâu đó có hơi hướng Off-White đâu đây</figcaption></figure></div><figcaption>Đâu đó có hơi hướng Off-White đâu đây</figcaption></figure><p></p><p></p><figure><div class="se-component se-image-container __se__float-none" contenteditable="false"><figure style="margin: 0px;"><img src="https://snkrvn.com/wp-content/uploads/2020/11/Air-Jordan-4-Starfish-2021-first-look-2.jpg" data-sizes="(max-width: 1140px) 100vw, 1140px" alt="" data-proportion="true" data-align="none" data-index="2" data-file-name="Air-Jordan-4-Starfish-2021-first-look-2.jpg" data-file-size="0" data-origin="," data-size="," data-rotate="" data-rotatex="" data-rotatey="" data-percentage="auto,auto" style=""><figcaption>Góc ảnh nhìn từ phía đối diện</figcaption></figure></div><figcaption>Góc ảnh nhìn từ phía đối diện</figcaption></figure><p></p><p></p><figure><div class="se-component se-image-container __se__float-none" contenteditable="false"><figure style="margin: 0px;"><img src="https://snkrvn.com/wp-content/uploads/2020/11/Air-Jordan-4-Starfish-2021-first-look-6.jpg" data-sizes="(max-width: 1140px) 100vw, 1140px" alt="" data-proportion="true" data-align="none" data-index="3" data-file-name="Air-Jordan-4-Starfish-2021-first-look-6.jpg" data-file-size="0" data-origin="," data-size="," data-rotate="" data-rotatex="" data-rotatey="" data-percentage="auto,auto" style=""><figcaption><a href="https://snkrvn.com/tag/air-jordan/">Air Jordan</a><span>&nbsp;</span>lật ngược</figcaption></figure></div><figcaption><a href="https://snkrvn.com/tag/air-jordan/">Air Jordan</a><span>&nbsp;</span>lật ngược</figcaption></figure><p></p><div class="se-component se-image-container __se__float-none" contenteditable="false"><figure style="margin: 0px;"><img src="https://snkrvn.com/wp-content/uploads/2020/11/Air-Jordan-4-Starfish-2021-first-look-0.jpg" data-sizes="(max-width: 1140px) 100vw, 1140px" alt="" data-proportion="true" data-align="none" data-index="4" data-file-name="Air-Jordan-4-Starfish-2021-first-look-0.jpg" data-file-size="0" data-origin="," data-size="," data-rotate="" data-rotatex="" data-rotatey="" data-percentage="auto,auto" style=""></figure></div><p>Hiện nay phối màu này hiện có ngày phát hành chính thức vào ngày 21 tháng 1 năm 2021. Giá retail vẫn được giữ nguyên là $190. Dù đây là phiên bản được phát hành đại trà nhưng chắc chắn sẽ được sold out trong tíc tắc thôi. Theo như<span>&nbsp;</span><a href="https://snkrvn.com/tag/nike/">Nike</a>, đây là phiên bản dành cho nữ giới. Nhưng sẽ được làm tới size 12us nam như mọi lần. Nên những hypebeast đừng lo về vấn đề size nhé.<span>&nbsp;</span><a href="https://snkrvn.com/tag/nike/">Nike</a><span>&nbsp;</span>chắc chắn sẽ có size cho tất cả mọi người thôi.</p>', 0, b'1', NULL),
	(8, 4, 'Kỉ niệm 25 năm dòng Air Jordan 11 thì có gì đặc biệt?', '2020-12-11 11:00:37', NULL, 'assets/img/blog/8/air-jordan-11-adapt-release-date-2-960x640.jpg', '25 năm trước, dòng Jordan 11 đã được ra mắt và còn lại chỉ là lịch sử. Đó là năm 1995, mùa giải mà Michael Jordan quay trở lại sau khi tuyên bố giải nghệ. ', '<p><span style="font-size: 14px;">25 năm trước, dòng&nbsp;</span><a href="https://snkrvn.com/?s=Jordan+11"><span style="font-size: 14px;">Jordan 11</span></a><span style="font-size: 14px;">&nbsp;đã được ra mắt và còn lại chỉ là lịch sử. Đó là năm 1995, mùa giải mà Michael Jordan quay trở lại sau khi tuyên bố giải nghệ. Mặc cho nhà thiết kế vĩ đại Tinker Hatfield và&nbsp;</span><a href="https://snkrvn.com/tag/nike/"><span style="font-size: 14px;">Nike</span></a><span style="font-size: 14px;">&nbsp;can ngăn, nhưng Michael không thể đợi lâu hơn được nữa. Lần đầu mang ra sân, dù bị NBA phạt $5,000 nhưng điều đó cũng không ngăn cản sự bùng nổ của dòng giày này. Với kiểu dáng sang trọng, fan hâm mộ đã gần như “chết ngất” khi thấy huyền thoại của họ xỏ đôi này trên chân. Nhiều ngày nữa thôi, là tròn 25 năm dòng&nbsp;</span><a href="https://snkrvn.com/tag/air-jordan/"><span style="font-size: 14px;">Air Jordan</span></a><span style="font-size: 14px;">&nbsp;11 được ra mắt, vậy&nbsp;</span><a href="https://snkrvn.com/tag/jordan-brand/"><span style="font-size: 14px;">Jordan Brand</span></a><span style="font-size: 14px;">&nbsp;có đem điều gì đặc biệt đến với chúng ta không?</span></p><div class="se-component se-image-container __se__float-none" contenteditable="false"><figure style="margin: 0px;"><img src="https://snkrvn.com/wp-content/uploads/2020/11/air-jordan-11-adapt-da7990-100.jpg" data-sizes="(max-width: 1140px) 100vw, 1140px" alt="" data-proportion="true" data-align="none" data-index="4" data-file-name="air-jordan-11-adapt-da7990-100.jpg" data-file-size="0" origin-size="1140,800" data-origin="," data-size="," data-rotate="" data-rotatex="" data-rotatey="" data-percentage="auto,auto" style=""></figure></div><p><span style="font-size: 14px;"><a href="https://snkrvn.com/tag/air-jordan/">Air Jordan</a>&nbsp;11 là đôi giày đầu tiên được sử dụng da nhân tạo kết hợp cùng đế carbon. Đôi giày tạo mang một dáng vấp ngạo nghễ và sang trọng đến lạ thường. Không nói quá, khi cùng với dòng Jordan 1, Jordan 11 là hai dòng được người hâm mộ săn đuổi nhất trong lịch sử. Sắp tới đây, nhằm kỉ niệm 25 năm,&nbsp;<a href="https://snkrvn.com/tag/jordan-brand/">Jordan Brand</a>&nbsp;sẽ đem dòng Jordan 11 đi tới tương lai. Đây là lần đầu tiên chúng ta thấy một đôi dòng Jordan cổ điển và cũng là đôi Jordan 11 đầu tiên được cải tiến chức năng Adapt, tạm dịch là tự thắt dây giày. Một điều chưa từng thấy trước đây. Đôi giày như vừa bước ra trò chơi game NBA 2k vậy. Màu chủ đạo trên phần upper chủ yếu là màu trắng và có viền cam. Lưỡi gà và cổ giày có màu đen. Và tất nhiên, sẽ không có một sợi dây nào trên đó. Hai nút ngay phần giữa đế, nhìn siêu chất. Và phải kể đến đế icy, làm đôi giày còn được tôn dáng hơn. Chức năng và hiệu ứng cũng được giữ nguyên như những đôi Adapt thông thường, với bộ sạc điẹn tử.</span></p><div class="se-component se-image-container __se__float-none" contenteditable="false"><figure style="margin: 0px;"><img src="https://snkrvn.com/wp-content/uploads/2020/11/air-jordan-11-adapt-release-date-1.jpg" data-sizes="(max-width: 1140px) 100vw, 1140px" alt="" data-proportion="true" data-align="none" data-index="5" data-file-name="air-jordan-11-adapt-release-date-1.jpg" data-file-size="0" origin-size="1140,800" data-origin="," data-size="," data-rotate="" data-rotatex="" data-rotatey="" data-percentage="auto,auto" style=""></figure></div><p><span style="font-size: 14px;">Dự kiến, ngày lên kệ sẽ là ngày 30 tháng 12. Giá bán hiện chưa được tiết lộ, nhưng có thể sẽ mắc hơn một đôi Adapt BB thông thường. Các bạn có sẵn sàng để sở hữu một phiên bản đặc biệt thế này không?&nbsp;<span style="color: rgb(36, 36, 36);">25 năm trước, dòng&nbsp;</span><a href="https://snkrvn.com/?s=Jordan+11" style="background-color: rgb(255, 255, 255); box-sizing: inherit; color: rgb(33, 149, 242); transition: all 0.3s ease 0s; cursor: pointer; -webkit-tap-highlight-color: transparent; outline: none;">Jordan 11</a><span style="color: rgb(36, 36, 36);">&nbsp;đã được ra mắt và còn lại chỉ là lịch sử. Đó là năm 1995, mùa giải mà Michael Jordan quay trở lại sau khi tuyên bố giải nghệ. Mặc cho nhà thiết kế vĩ đại Tinker Hatfield và&nbsp;</span><a href="https://snkrvn.com/tag/nike/" class="st_tag internal_tag" rel="tag" title="Posts tagged with nike" style="background-color: rgb(255, 255, 255); box-sizing: inherit; color: rgb(33, 149, 242); transition: all 0.3s ease 0s; cursor: pointer; -webkit-tap-highlight-color: transparent; outline: none;">Nike</a><span style="color: rgb(36, 36, 36);">&nbsp;can ngăn, nhưng Michael không thể đợi lâu hơn được nữa. Lần đầu mang ra sân, dù bị NBA phạt $5,000 nhưng điều đó cũng không ngăn cản sự bùng nổ của dòng giày này. Với kiểu dáng sang trọng, fan hâm mộ đã gần như “chết ngất” khi thấy huyền thoại của họ xỏ đôi này trên chân. Nhiều ngày nữa thôi, là tròn 25 năm dòng&nbsp;</span><a href="https://snkrvn.com/tag/air-jordan/" class="st_tag internal_tag" rel="tag" title="Posts tagged with Air Jordan" style="background-color: rgb(255, 255, 255); box-sizing: inherit; color: rgb(33, 149, 242); transition: all 0.3s ease 0s; cursor: pointer; -webkit-tap-highlight-color: transparent; outline: none;">Air Jordan</a><span style="color: rgb(36, 36, 36);">&nbsp;11 được ra mắt, vậy&nbsp;</span><a href="https://snkrvn.com/tag/jordan-brand/" class="st_tag internal_tag" rel="tag" title="Posts tagged with Jordan Brand" style="background-color: rgb(255, 255, 255); box-sizing: inherit; color: rgb(33, 149, 242); transition: all 0.3s ease 0s; cursor: pointer; -webkit-tap-highlight-color: transparent; outline: none;">Jordan Brand</a><span style="color: rgb(36, 36, 36);">&nbsp;có đem điều gì đặc biệt đến với chúng ta không?</span></span></p><div class="se-component se-image-container __se__float-none" contenteditable="false"><figure style="margin: 0px;"><img class="aligncenter size-full wp-image-105720 lazyloaded" src="https://snkrvn.com/wp-content/uploads/2020/11/air-jordan-11-adapt-da7990-100.jpg" data-src="https://snkrvn.com/wp-content/uploads/2020/11/air-jordan-11-adapt-da7990-100.jpg" alt="" width="1140" height="800" data-srcset="https://snkrvn.com/wp-content/uploads/2020/11/air-jordan-11-adapt-da7990-100.jpg 1140w, https://snkrvn.com/wp-content/uploads/2020/11/air-jordan-11-adapt-da7990-100-768x539.jpg 768w" data-sizes="(max-width: 1140px) 100vw, 1140px" sizes="(max-width: 1140px) 100vw, 1140px" srcset="https://snkrvn.com/wp-content/uploads/2020/11/air-jordan-11-adapt-da7990-100.jpg 1140w, https://snkrvn.com/wp-content/uploads/2020/11/air-jordan-11-adapt-da7990-100-768x539.jpg 768w" style="box-sizing: inherit; border-width: 0px; border-color: initial; border-image: initial; object-fit: cover; clear: both; margin-left: auto; margin-right: auto; opacity: 1; transition: opacity 300ms ease 0s;" data-proportion="true" data-align="none" data-index="6" data-file-name="air-jordan-11-adapt-da7990-100.jpg" data-file-size="0" origin-size="1140,800" data-origin="," data-size="," data-rotate="" data-rotatex="" data-rotatey="" data-percentage="auto,auto"></figure></div><p style="box-sizing: inherit; margin-bottom: 1.5em; color: rgb(36, 36, 36); font-family: Roboto, sans-serif; font-size: 18px;"><span style="font-size: 14px;"><a href="https://snkrvn.com/tag/air-jordan/" class="st_tag internal_tag" rel="tag" title="Posts tagged with Air Jordan" style="box-sizing: inherit; color: rgb(33, 149, 242); transition: all 0.3s ease 0s; cursor: pointer; -webkit-tap-highlight-color: transparent; outline: none;">Air Jordan</a>&nbsp;11 là đôi giày đầu tiên được sử dụng da nhân tạo kết hợp cùng đế carbon. Đôi giày tạo mang một dáng vấp ngạo nghễ và sang trọng đến lạ thường. Không nói quá, khi cùng với dòng Jordan 1, Jordan 11 là hai dòng được người hâm mộ săn đuổi nhất trong lịch sử. Sắp tới đây, nhằm kỉ niệm 25 năm,&nbsp;<a href="https://snkrvn.com/tag/jordan-brand/" class="st_tag internal_tag" rel="tag" title="Posts tagged with Jordan Brand" style="box-sizing: inherit; color: rgb(33, 149, 242); transition: all 0.3s ease 0s; cursor: pointer; -webkit-tap-highlight-color: transparent; outline: none;">Jordan Brand</a>&nbsp;sẽ đem dòng Jordan 11 đi tới tương lai. Đây là lần đầu tiên chúng ta thấy một đôi dòng Jordan cổ điển và cũng là đôi Jordan 11 đầu tiên được cải tiến chức năng Adapt, tạm dịch là tự thắt dây giày. Một điều chưa từng thấy trước đây. Đôi giày như vừa bước ra trò chơi game NBA 2k vậy. Màu chủ đạo trên phần upper chủ yếu là màu trắng và có viền cam. Lưỡi gà và cổ giày có màu đen. Và tất nhiên, sẽ không có một sợi dây nào trên đó. Hai nút ngay phần giữa đế, nhìn siêu chất. Và phải kể đến đế icy, làm đôi giày còn được tôn dáng hơn. Chức năng và hiệu ứng cũng được giữ nguyên như những đôi Adapt thông thường, với bộ sạc điẹn tử.</span></p><div class="se-component se-image-container __se__float-none" contenteditable="false"><figure style="margin: 0px;"><img class="aligncenter size-full wp-image-105716 lazyloaded" src="https://snkrvn.com/wp-content/uploads/2020/11/air-jordan-11-adapt-release-date-1.jpg" data-src="https://snkrvn.com/wp-content/uploads/2020/11/air-jordan-11-adapt-release-date-1.jpg" alt="Jordan 11" width="1140" height="800" data-srcset="https://snkrvn.com/wp-content/uploads/2020/11/air-jordan-11-adapt-release-date-1.jpg 1140w, https://snkrvn.com/wp-content/uploads/2020/11/air-jordan-11-adapt-release-date-1-768x539.jpg 768w" data-sizes="(max-width: 1140px) 100vw, 1140px" sizes="(max-width: 1140px) 100vw, 1140px" srcset="https://snkrvn.com/wp-content/uploads/2020/11/air-jordan-11-adapt-release-date-1.jpg 1140w, https://snkrvn.com/wp-content/uploads/2020/11/air-jordan-11-adapt-release-date-1-768x539.jpg 768w" style="box-sizing: inherit; border-width: 0px; border-color: initial; border-image: initial; object-fit: cover; clear: both; margin-left: auto; margin-right: auto; opacity: 1; transition: opacity 300ms ease 0s;" data-proportion="true" data-align="none" data-index="7" data-file-name="air-jordan-11-adapt-release-date-1.jpg" data-file-size="0" origin-size="1140,800" data-origin="," data-size="," data-rotate="" data-rotatex="" data-rotatey="" data-percentage="auto,auto"></figure></div><p style="box-sizing: inherit; margin-bottom: 1.5em; color: rgb(36, 36, 36); font-family: Roboto, sans-serif; font-size: 18px;"><span style="font-size: 14px;">Dự kiến, ngày lên kệ sẽ là ngày 30 tháng 12. Giá bán hiện chưa được tiết lộ, nhưng có thể sẽ mắc hơn một đôi Adapt BB thông thường. Các bạn có sẵn sàng để sở hữu một phiên bản đặc biệt thế này không?</span></p>', 0, b'1', NULL),
	(9, 4, 'Nike Air Force 1 “Para-Noise 2.0” – Thái cực Yin-Yang được hoàn thành', '2020-12-11 11:02:25', NULL, 'assets/img/blog/9/g-dragon-peaceminusone-nike-air-force-1-white-DD3223-100-7-960x640.jpg', 'Để hoàn thành khái niệm Yin-Yang, G-Dragon chuẩn bị ra mắt một phiên bản Nike Air Force 1 hoàn toàn đối lập với năm ngoái. Yin tượng trưng cho màu đen, tức phiên bản đen đã được ra mắt vào ngày 23 tháng 11. ', '<p><span style="font-size: 14px;"><strong></strong>​​​​​</span><span style="font-size: 14px;">Để hoàn thành khái niệm Yin-Yang,&nbsp;</span><a href="https://www.instagram.com/xxxibgdrgn/" style="font-size: 14px; background-color: rgb(255, 255, 255);">G-Dragon</a><span style="font-size: 14px;">&nbsp;chuẩn bị ra mắt một phiên bản&nbsp;</span><a href="https://snkrvn.com/tag/nike/" style="font-size: 14px; background-color: rgb(255, 255, 255);">Nike</a><span style="font-size: 14px;">&nbsp;</span><a href="https://snkrvn.com/tag/air-force-1/" style="font-size: 14px; background-color: rgb(255, 255, 255);">Air Force 1</a><span style="font-size: 14px;">&nbsp;hoàn toàn đối lập với năm ngoái. Yin tượng trưng cho màu đen, tức phiên bản đen đã được ra mắt vào ngày 23 tháng 11. Yang tượng trưng cho màu trắng, sẽ được ra mắt vào ngày 25 tháng 11 năm nay, tức gần tròn 1 năm phiên bản được phát hành. Vào ngày hôm nay, huyền thoại của nền giải trí Hàn Quốc, G-Dragon đã trình làng đôi Air Force 2.0 này, và hứa hẹn sẽ lại một lần nữa làm mưa làm gió trên thị trường resell.</span></p><p></p><figure><div class="se-component se-image-container __se__float-none" contenteditable="false"><figure style="margin: 0px;"><img src="https://snkrvn.com/wp-content/uploads/2020/11/g-dragon-peaceminusone-nike-air-force-1-white-DD3223-100-12.jpg" data-sizes="(max-width: 1140px) 100vw, 1140px" alt="" data-proportion="true" data-align="none" data-index="0" data-file-name="g-dragon-peaceminusone-nike-air-force-1-white-DD3223-100-12.jpg" data-file-size="0" data-origin="," data-size="," data-rotate="" data-rotatex="" data-rotatey="" data-percentage="auto,auto" style=""><figcaption>Huyền thoại giới showbiz Hàn, G-Dragon, khoe đứa “con cưng” của mình</figcaption></figure></div><figcaption>Huyền thoại giới showbiz Hàn, G-Dragon, khoe đứa “con cưng” của mình</figcaption></figure><p></p><p><span style="font-size: 14px;">Chất liệu và kiểu dáng vẫn được giữ nguyên như phần một. Vẫn sẽ có hình thêu hoa cúc ngay lưỡi gà. Tại sao lại là hoa cúc? Bạn có thể đọc tại&nbsp;<a href="https://snkrvn.com/y-nghia-bong-hoa-bieu-tuong-cua-g-dragon-hoa-cuc-daisies/">đây</a>, bài mà SNKRVN đã phân tích rất kỹ tại sao là hoa cúc, chứ không phải những bông hoa đặc sắc khác. Điểm nhấn vẫn sẽ nằm ở dây giày độc đáo phía trước. Đi ngược với cách thắt dây giày đi từ trên xuống, đôi Para Noise sẽ đi từ dưới lên. Thông điệp của G-Dragon muốn gửi tới người hâm mộ là hãy luôn là chính mình, dù có phải đi ngược lại với tất cả. Phiên bản lần trước đã được người hâm mộ đón nhận rất nồng nhiệt, đặc biệt là thị trường Châu Á nói chung và thị trường Việt Nam nói riêng. Rất nhiều các ca sĩ và diễn viên nổi tiếng đã diện trên chân đôi giày của thần tượng mình thiết kế. Vì phối màu lần này là màu trắng, nên dự đoán nó sẽ còn hot hơn đôi đen lần trước nữa.</span></p><div class="se-component se-image-container __se__float-none" contenteditable="false"><figure style="margin: 0px;"><img src="https://snkrvn.com/wp-content/uploads/2020/11/g-dragon-peaceminusone-nike-air-force-1-white-DD3223-100-3.jpg" data-sizes="(max-width: 1140px) 100vw, 1140px" alt="" data-proportion="true" data-align="none" data-index="1" data-file-name="g-dragon-peaceminusone-nike-air-force-1-white-DD3223-100-3.jpg" data-file-size="0" data-origin="," data-size="," data-rotate="" data-rotatex="" data-rotatey="" data-percentage="auto,auto" style=""></figure></div><p><span style="font-size: 14px;">Như có nói trên, đúng như lịch thì đôi PEACEMINUSONE x&nbsp;<a href="https://snkrvn.com/tag/nike/">Nike</a>&nbsp;<a href="https://snkrvn.com/tag/air-force-1/">Air Force 1</a>&nbsp;sẽ được lên kệ vào ngày 25 tháng 11 sắp tới. Giá bán vẫn là $200 như trước.<span style="color: rgb(36, 36, 36);">Để hoàn thành khái niệm Yin-Yang,&nbsp;</span><a href="https://www.instagram.com/xxxibgdrgn/" style="background-color: rgb(255, 255, 255); box-sizing: inherit; color: rgb(33, 149, 242); transition: all 0.3s ease 0s; cursor: pointer; -webkit-tap-highlight-color: transparent; outline: none;">G-Dragon</a><span style="color: rgb(36, 36, 36);">&nbsp;chuẩn bị ra mắt một phiên bản&nbsp;</span><a href="https://snkrvn.com/tag/nike/" class="st_tag internal_tag" rel="tag" title="Posts tagged with nike" style="background-color: rgb(255, 255, 255); box-sizing: inherit; color: rgb(33, 149, 242); transition: all 0.3s ease 0s; cursor: pointer; -webkit-tap-highlight-color: transparent; outline: none;">Nike</a><span style="color: rgb(36, 36, 36);">&nbsp;</span><a href="https://snkrvn.com/tag/air-force-1/" class="st_tag internal_tag" rel="tag" title="Posts tagged with Air Force 1" style="background-color: rgb(255, 255, 255); box-sizing: inherit; color: rgb(33, 149, 242); transition: all 0.3s ease 0s; cursor: pointer; -webkit-tap-highlight-color: transparent; outline: none;">Air Force 1</a><span style="color: rgb(36, 36, 36);">&nbsp;hoàn toàn đối lập với năm ngoái. Yin tượng trưng cho màu đen, tức phiên bản đen đã được ra mắt vào ngày 23 tháng 11. Yang tượng trưng cho màu trắng, sẽ được ra mắt vào ngày 25 tháng 11 năm nay, tức gần tròn 1 năm phiên bản được phát hành. Vào ngày hôm nay, huyền thoại của nền giải trí Hàn Quốc, G-Dragon đã trình làng đôi Air Force 2.0 này, và hứa hẹn sẽ lại một lần nữa làm mưa làm gió trên thị trường resell.</span></span></p><figure id="attachment_105658" aria-describedby="caption-attachment-105658" class="wp-caption aligncenter" style="box-sizing: inherit; margin: 1em auto 1.5em; max-width: 100%; clear: both; color: rgb(36, 36, 36); font-family: Roboto, sans-serif; font-size: 18px; width: 1140px;"><div class="se-component se-image-container __se__float-none" contenteditable="false"><figure id="attachment_105658" aria-describedby="caption-attachment-105658" class="wp-caption aligncenter" style="box-sizing: inherit; margin: 0px; max-width: 100%; clear: both; color: rgb(36, 36, 36); font-family: Roboto, sans-serif; font-size: 18px;"><img class="size-full wp-image-105658 lazyloaded" src="https://snkrvn.com/wp-content/uploads/2020/11/g-dragon-peaceminusone-nike-air-force-1-white-DD3223-100-12.jpg" data-src="https://snkrvn.com/wp-content/uploads/2020/11/g-dragon-peaceminusone-nike-air-force-1-white-DD3223-100-12.jpg" alt="Air Force" width="1140" height="760" data-srcset="https://snkrvn.com/wp-content/uploads/2020/11/g-dragon-peaceminusone-nike-air-force-1-white-DD3223-100-12.jpg 1140w, https://snkrvn.com/wp-content/uploads/2020/11/g-dragon-peaceminusone-nike-air-force-1-white-DD3223-100-12-768x512.jpg 768w, https://snkrvn.com/wp-content/uploads/2020/11/g-dragon-peaceminusone-nike-air-force-1-white-DD3223-100-12-960x640.jpg 960w, https://snkrvn.com/wp-content/uploads/2020/11/g-dragon-peaceminusone-nike-air-force-1-white-DD3223-100-12-600x400.jpg 600w" data-sizes="(max-width: 1140px) 100vw, 1140px" sizes="(max-width: 1140px) 100vw, 1140px" srcset="https://snkrvn.com/wp-content/uploads/2020/11/g-dragon-peaceminusone-nike-air-force-1-white-DD3223-100-12.jpg 1140w, https://snkrvn.com/wp-content/uploads/2020/11/g-dragon-peaceminusone-nike-air-force-1-white-DD3223-100-12-768x512.jpg 768w, https://snkrvn.com/wp-content/uploads/2020/11/g-dragon-peaceminusone-nike-air-force-1-white-DD3223-100-12-960x640.jpg 960w, https://snkrvn.com/wp-content/uploads/2020/11/g-dragon-peaceminusone-nike-air-force-1-white-DD3223-100-12-600x400.jpg 600w" style="box-sizing: inherit; border-width: 0px; border-color: initial; border-image: initial; object-fit: cover; opacity: 1; transition: opacity 300ms ease 0s; margin-left: auto; margin-right: auto;" data-proportion="true" data-align="none" data-index="2" data-file-name="g-dragon-peaceminusone-nike-air-force-1-white-DD3223-100-12.jpg" data-file-size="0" origin-size="1140,760" data-origin="," data-size="," data-rotate="" data-rotatex="" data-rotatey="" data-percentage="auto,auto"><figcaption id="caption-attachment-105658" class="wp-caption-text" style="box-sizing: inherit; text-align: center; margin-top: 0.8075em;">Huyền thoại giới showbiz Hàn, G-Dragon, khoe đứa “con cưng” của mình</figcaption></figure></div><figcaption id="caption-attachment-105658" class="wp-caption-text" style="box-sizing: inherit; text-align: center; margin-top: 0.8075em;">Huyền thoại giới showbiz Hàn, G-Dragon, khoe đứa “con cưng” của mình</figcaption></figure><p style="box-sizing: inherit; margin-bottom: 1.5em; color: rgb(36, 36, 36); font-family: Roboto, sans-serif; font-size: 18px;"><span style="font-size: 14px;">Chất liệu và kiểu dáng vẫn được giữ nguyên như phần một. Vẫn sẽ có hình thêu hoa cúc ngay lưỡi gà. Tại sao lại là hoa cúc? Bạn có thể đọc tại&nbsp;<a href="https://snkrvn.com/y-nghia-bong-hoa-bieu-tuong-cua-g-dragon-hoa-cuc-daisies/" style="box-sizing: inherit; color: rgb(33, 149, 242); transition: all 0.3s ease 0s; cursor: pointer; -webkit-tap-highlight-color: transparent; outline: none;">đây</a>, bài mà SNKRVN đã phân tích rất kỹ tại sao là hoa cúc, chứ không phải những bông hoa đặc sắc khác. Điểm nhấn vẫn sẽ nằm ở dây giày độc đáo phía trước. Đi ngược với cách thắt dây giày đi từ trên xuống, đôi Para Noise sẽ đi từ dưới lên. Thông điệp của G-Dragon muốn gửi tới người hâm mộ là hãy luôn là chính mình, dù có phải đi ngược lại với tất cả. Phiên bản lần trước đã được người hâm mộ đón nhận rất nồng nhiệt, đặc biệt là thị trường Châu Á nói chung và thị trường Việt Nam nói riêng. Rất nhiều các ca sĩ và diễn viên nổi tiếng đã diện trên chân đôi giày của thần tượng mình thiết kế. Vì phối màu lần này là màu trắng, nên dự đoán nó sẽ còn hot hơn đôi đen lần trước nữa.</span></p><div class="se-component se-image-container __se__float-none" contenteditable="false"><figure style="margin: 0px;"><img class="aligncenter size-full wp-image-105659 lazyloaded" src="https://snkrvn.com/wp-content/uploads/2020/11/g-dragon-peaceminusone-nike-air-force-1-white-DD3223-100-3.jpg" data-src="https://snkrvn.com/wp-content/uploads/2020/11/g-dragon-peaceminusone-nike-air-force-1-white-DD3223-100-3.jpg" alt="Air Force" width="1140" height="800" data-srcset="https://snkrvn.com/wp-content/uploads/2020/11/g-dragon-peaceminusone-nike-air-force-1-white-DD3223-100-3.jpg 1140w, https://snkrvn.com/wp-content/uploads/2020/11/g-dragon-peaceminusone-nike-air-force-1-white-DD3223-100-3-768x539.jpg 768w" data-sizes="(max-width: 1140px) 100vw, 1140px" sizes="(max-width: 1140px) 100vw, 1140px" srcset="https://snkrvn.com/wp-content/uploads/2020/11/g-dragon-peaceminusone-nike-air-force-1-white-DD3223-100-3.jpg 1140w, https://snkrvn.com/wp-content/uploads/2020/11/g-dragon-peaceminusone-nike-air-force-1-white-DD3223-100-3-768x539.jpg 768w" style="box-sizing: inherit; border-width: 0px; border-color: initial; border-image: initial; object-fit: cover; clear: both; margin-left: auto; margin-right: auto; opacity: 1; transition: opacity 300ms ease 0s;" data-proportion="true" data-align="none" data-index="3" data-file-name="g-dragon-peaceminusone-nike-air-force-1-white-DD3223-100-3.jpg" data-file-size="0" origin-size="1140,800" data-origin="," data-size="," data-rotate="" data-rotatex="" data-rotatey="" data-percentage="auto,auto"></figure></div><p style="box-sizing: inherit; margin-bottom: 1.5em; color: rgb(36, 36, 36); font-family: Roboto, sans-serif; font-size: 18px;"><span style="font-size: 14px;">Như có nói trên, đúng như lịch thì đôi PEACEMINUSONE x&nbsp;</span><a href="https://snkrvn.com/tag/nike/" class="st_tag internal_tag" rel="tag" title="Posts tagged with nike" style="box-sizing: inherit; color: rgb(33, 149, 242); transition: all 0.3s ease 0s; cursor: pointer; -webkit-tap-highlight-color: transparent; outline: none;"><span style="font-size: 14px;">Nike</span></a><span style="font-size: 14px;">&nbsp;</span><a href="https://snkrvn.com/tag/air-force-1/" class="st_tag internal_tag" rel="tag" title="Posts tagged with Air Force 1" style="box-sizing: inherit; color: rgb(33, 149, 242); transition: all 0.3s ease 0s; cursor: pointer; -webkit-tap-highlight-color: transparent; outline: none;"><span style="font-size: 14px;">Air Force 1</span></a><span style="font-size: 14px;">&nbsp;sẽ được lên kệ vào ngày 25 tháng 11 sắp tới. Giá bán vẫn là $200 như trước.</span></p>', 0, b'1', NULL),
	(10, 4, 'Nike Dunk High “Turdunken” – Đôi giày nhìn vào là đói bụng', '2020-12-11 11:04:57', NULL, 'assets/img/blog/10/450ce38b-da4a-4a34-ae01-4d92c631d758-concepts-nike-sb-dunk-high-turducken-01_original.jpg', 'Sau sự kiện grand opening đại thành công của mình ở Boston, Concepts tiếp tục cho người hâm mộ rửa mắt một sản phẩm mới của mình. ', '<p>Sau sự kiện grand opening đại thành công của mình ở Boston, Concepts tiếp tục cho người hâm mộ rửa mắt một sản phẩm mới của mình. Khác với thường lệ, Concepts quyết định biến tấu dòng<span>&nbsp;</span><a href="https://snkrvn.com/concepts-x-nike-sb-dunk-high-duck-doi-giay-lay-cam-hung-phoi-mau-tu-con-vit/">Dunk High</a>. Đôi giày sẽ được lấy niềm cảm hứng từ món thức ăn có tên gọi là Turducken. Đây là món ăn bao gồm một con gà không xương, sau đó nhồi vào một con vịt, sau cùng lại được nhồi vào một con gà tây. Nó được thường biết đến với cái tên món nướng ba con chim. Bởi vì Turdunken là viết tắt cho ba loại được kể trên, turkey (gà tây), duck (vịt) và chicken (gà).</p><p></p><figure><div class="se-component se-image-container __se__float-none" contenteditable="false"><figure style="margin: 0px;"><img src="https://snkrvn.com/wp-content/uploads/2020/11/concepts-nike-sb-dunk-high-turdunken-DC6887-200-3.jpg" data-sizes="(max-width: 1140px) 100vw, 1140px" alt="" data-proportion="true" data-align="none" data-index="1" data-file-name="concepts-nike-sb-dunk-high-turdunken-DC6887-200-3.jpg" data-file-size="0" origin-size="1140,800" data-origin="," data-size="," data-rotate="" data-rotatex="" data-rotatey="" data-percentage="auto,auto" style=""><figcaption><a href="https://snkrvn.com/tag/nike/">Nike</a><span>&nbsp;</span>Sb Dunk High Turdunken</figcaption></figure></div><figcaption><a href="https://snkrvn.com/tag/nike/">Nike</a><span>&nbsp;</span>Sb Dunk High Turdunken</figcaption></figure><p></p><p>Món ăn thì được gọi là Turducken, nhưng giày thì được gọi là “Turdunken”, vì phối màu này được làm biến tấu trên dòng Dunk. Phiên bản thiết kế lần này gợi chúng ta nhớ đến một chúng vịt, vì chất liệu và màu sắc của đôi giày. Dù có tên là Turduken, nhưng chỉ có hình ảnh chú vịt được thấy trên đôi giày. Phần lưỡi gà có màu ngũ sắc, gợi nhớ đến phần đầu của chú vịt. Hơn thế nữa, chữ “<a href="https://snkrvn.com/tag/nike/">Nike</a><span>&nbsp;</span>Dunk” thường thấy ở giữa lưỡi gà nay được đổi sang thành “<a href="https://snkrvn.com/tag/nike/">Nike</a><span>&nbsp;</span>Duck Pro”. Ở giữa thân giày được phủ mỗi lớp lông. Phần còn lại của upper được phủ màu nâu và được làm với chất liệu da lộn, làm liên tưởng được thân của loại động vật này. Và bộ đế được làm bằng cam, tượng trưng cho bàn chân của chú vịt.</p><p><br></p><p><br></p><p></p><figure><div class="se-component se-image-container __se__float-none" contenteditable="false"><figure style="margin: 0px;"><img src="https://snkrvn.com/wp-content/uploads/2020/11/concepts-nike-sb-dunk-high-turducken-0.jpg" data-sizes="(max-width: 1140px) 100vw, 1140px" alt="" data-proportion="true" data-align="none" data-index="2" data-file-name="concepts-nike-sb-dunk-high-turducken-0.jpg" data-file-size="0" data-origin="," data-size="," data-rotate="" data-rotatex="" data-rotatey="" data-percentage="auto,auto" style=""><figcaption>Những dụng cụ đính kèm</figcaption></figure></div><figcaption>Những dụng cụ đính kèm</figcaption></figure><p></p><p></p><figure><div class="se-component se-image-container __se__float-none" contenteditable="false"><figure style="margin: 0px;"><img src="https://snkrvn.com/wp-content/uploads/2020/11/concepts-nike-sb-dunk-high-turdunken-dc6887-200-box-scaled.jpg" data-sizes="(max-width: 2560px) 100vw, 2560px" alt="" data-proportion="true" data-align="none" data-index="3" data-file-name="concepts-nike-sb-dunk-high-turdunken-dc6887-200-box-scaled.jpg" data-file-size="0" data-origin="," data-size="," data-rotate="" data-rotatex="" data-rotatey="" data-percentage="auto,auto" style=""><figcaption>Hộp giày đặc biệt của Concepts</figcaption></figure></div><figcaption>Hộp giày đặc biệt của Concepts</figcaption></figure><p></p><p></p><figure><div class="se-component se-image-container __se__float-none" contenteditable="false"><figure style="margin: 0px;"><img src="https://snkrvn.com/wp-content/uploads/2020/11/concepts-nike-sb-dunk-high-turducken-1.jpg" data-sizes="(max-width: 1140px) 100vw, 1140px" alt="" data-proportion="true" data-align="none" data-index="4" data-file-name="concepts-nike-sb-dunk-high-turducken-1.jpg" data-file-size="0" data-origin="," data-size="," data-rotate="" data-rotatex="" data-rotatey="" data-percentage="auto,auto" style=""><figcaption>Quả bóng bầu dục Nerf</figcaption></figure></div><figcaption>Quả bóng bầu dục Nerf</figcaption></figure><p></p><p></p><figure><div class="se-component se-image-container __se__float-none" contenteditable="false"><figure style="margin: 0px;"><img src="https://snkrvn.com/wp-content/uploads/2020/11/concepts-nike-sb-dunk-high-turdunken-DC6887-200-4.jpg" data-sizes="(max-width: 1140px) 100vw, 1140px" alt="" data-proportion="true" data-align="none" data-index="5" data-file-name="concepts-nike-sb-dunk-high-turdunken-DC6887-200-4.jpg" data-file-size="0" data-origin="," data-size="," data-rotate="" data-rotatex="" data-rotatey="" data-percentage="auto,auto" style=""><figcaption>Góc nghiêng thần thánh</figcaption></figure></div><figcaption>Góc nghiêng thần thánh</figcaption></figure><p></p><p></p><figure><div class="se-component se-image-container __se__float-none" contenteditable="false"><figure style="margin: 0px;"><img src="https://snkrvn.com/wp-content/uploads/2020/11/concepts-nike-sb-dunk-high-turdunken-DC6887-200-5.jpg" data-sizes="(max-width: 1140px) 100vw, 1140px" alt="" data-proportion="true" data-align="none" data-index="6" data-file-name="concepts-nike-sb-dunk-high-turdunken-DC6887-200-5.jpg" data-file-size="0" data-origin="," data-size="," data-rotate="" data-rotatex="" data-rotatey="" data-percentage="auto,auto" style=""><figcaption>Nhìn trực diện</figcaption></figure></div><figcaption>Nhìn trực diện</figcaption></figure><p></p><p></p><figure><div class="se-component se-image-container __se__float-none" contenteditable="false"><figure style="margin: 0px;"><img src="https://snkrvn.com/wp-content/uploads/2020/11/concepts-nike-sb-dunk-high-turdunken-DC6887-200-8.jpg" data-sizes="(max-width: 1140px) 100vw, 1140px" alt="" data-proportion="true" data-align="none" data-index="7" data-file-name="concepts-nike-sb-dunk-high-turdunken-DC6887-200-8.jpg" data-file-size="0" data-origin="," data-size="," data-rotate="" data-rotatex="" data-rotatey="" data-percentage="auto,auto" style=""><figcaption>Chất liệu da được thấy xuyên suốt đôi giày</figcaption></figure></div><figcaption>Chất liệu da được thấy xuyên suốt đôi giày</figcaption></figure><p></p><p></p><figure><div class="se-component se-image-container __se__float-none" contenteditable="false"><figure style="margin: 0px;"><img src="https://snkrvn.com/wp-content/uploads/2020/11/concepts-nike-sb-dunk-high-turdunken-DC6887-200-9.jpg" data-sizes="(max-width: 1140px) 100vw, 1140px" alt="" data-proportion="true" data-align="none" data-index="8" data-file-name="concepts-nike-sb-dunk-high-turdunken-DC6887-200-9.jpg" data-file-size="0" data-origin="," data-size="," data-rotate="" data-rotatex="" data-rotatey="" data-percentage="auto,auto" style=""><figcaption>Bộ lông</figcaption></figure></div><figcaption>Bộ lông</figcaption></figure><p></p><p></p><figure><div class="se-component se-image-container __se__float-none" contenteditable="false"><figure style="margin: 0px;"><img src="https://snkrvn.com/wp-content/uploads/2020/11/https___hypebeastcom_image_2020_10_concepts-nike-sb-dunk-high-turdunken-release-date-10.jpg" data-sizes="(max-width: 1200px) 100vw, 1200px" alt="" data-proportion="true" data-align="none" data-index="9" data-file-name="https___hypebeastcom_image_2020_10_concepts-nike-sb-dunk-high-turdunken-release-date-10.jpg" data-file-size="0" data-origin="," data-size="," data-rotate="" data-rotatex="" data-rotatey="" data-percentage="auto,auto" style=""><figcaption>Hình ảnh closed up</figcaption></figure></div><figcaption>Hình ảnh closed up</figcaption></figure><p></p><p></p><figure><div class="se-component se-image-container __se__float-none" contenteditable="false"><figure style="margin: 0px;"><img src="https://snkrvn.com/wp-content/uploads/2020/11/concepts-nike-sb-dunk-high-turdunken-DC6887-200-10.jpg" data-sizes="(max-width: 1140px) 100vw, 1140px" alt="" data-proportion="true" data-align="none" data-index="10" data-file-name="concepts-nike-sb-dunk-high-turdunken-DC6887-200-10.jpg" data-file-size="0" data-origin="," data-size="," data-rotate="" data-rotatex="" data-rotatey="" data-percentage="auto,auto" style=""><figcaption>Nét vẽ chú vịt được thấy trên đôi giày</figcaption></figure></div><figcaption>Nét vẽ chú vịt được thấy trên đôi giày</figcaption></figure><p></p><p></p><figure><div class="se-component se-image-container __se__float-none" contenteditable="false"><figure style="margin: 0px;"><img src="https://snkrvn.com/wp-content/uploads/2020/11/concepts-nike-sb-dunk-high-turdunken-DC6887-200-12.jpg" data-sizes="(max-width: 1140px) 100vw, 1140px" alt="" data-proportion="true" data-align="none" data-index="11" data-file-name="concepts-nike-sb-dunk-high-turdunken-DC6887-200-12.jpg" data-file-size="0" data-origin="," data-size="," data-rotate="" data-rotatex="" data-rotatey="" data-percentage="auto,auto" style=""><figcaption>Một góc closed up</figcaption></figure></div><figcaption>Một góc closed up</figcaption></figure><p></p><p></p><figure><div class="se-component se-image-container __se__float-none" contenteditable="false"><figure style="margin: 0px;"><img src="https://snkrvn.com/wp-content/uploads/2020/11/concepts-nike-sb-dunk-high-turdunken-DC6887-200-6.jpg" data-sizes="(max-width: 1140px) 100vw, 1140px" alt="" data-proportion="true" data-align="none" data-index="12" data-file-name="concepts-nike-sb-dunk-high-turdunken-DC6887-200-6.jpg" data-file-size="0" data-origin="," data-size="," data-rotate="" data-rotatex="" data-rotatey="" data-percentage="auto,auto" style=""><figcaption>Góc ảnh sau lưng</figcaption></figure></div><figcaption><div>Góc ảnh sau lưng</div></figcaption></figure><p></p>', 0, b'1', NULL),
	(11, 4, 'Supreme x Nike SB Dunk Low – Collab của năm 2021 xuất hiện', '2020-12-11 11:05:51', NULL, 'assets/img/blog/11/28c5fad2-supreme-nike-sb-dunk-low-stars-hyper-royal-dh3228-100-960x640.jpg', 'Vào năm 2003, Nike và Supreme đã bắt tay nhau để cho ra đời một huyền thoại để đời. Giờ đây để có được bộ ba này có giá không dưới $1,000. ', '<p><br></p><p>Vào năm 2003,<span>&nbsp;</span><a href="https://snkrvn.com/tag/nike/">Nike</a><span>&nbsp;</span>và<span>&nbsp;</span><a href="https://snkrvn.com/tag/supreme/">Supreme</a><span>&nbsp;</span>đã bắt tay nhau để cho ra đời một huyền thoại để đời. Giờ đây để có được bộ ba này có giá không dưới $1,000. Nhưng không dễ tìm được một đôi còn mới tinh vào thời điểm này nữa. Ở Stockx không có một nào được đăng. Trên<span>&nbsp;</span><a href="https://www.goat.com/search?query=Supreme%20x%20Dunk%20High">Goat,<span>&nbsp;</span></a>&nbsp;đôi xanh có giá mắc nhất, là $7,000, còn hai đôi đỏ và cam thì rẻ hơn, rơi vào độ $1,000, tuỳ size. Sau 18 năm, cuối cùng<span>&nbsp;</span><a href="https://snkrvn.com/tag/nike/">Nike</a><span>&nbsp;</span>và<span>&nbsp;</span><a href="https://snkrvn.com/tag/supreme/">Supreme</a><span>&nbsp;</span>lại chuẩn bị cho tái xuất gam màu huyền thoại này trong một dòng khác và cũng đang là hot nhất thời bây giờ,<span>&nbsp;</span><a href="https://snkrvn.com/?s=sb%20dunk">Nike SB Dunk Low.</a></p><p></p><figure><div class="se-component se-image-container __se__float-none" contenteditable="false"><figure style="margin: 0px;"><img src="https://snkrvn.com/wp-content/uploads/2020/10/28c5fad2-supreme-nike-sb-dunk-low-stars-hyper-royal-dh3228-100.jpg" data-sizes="(max-width: 1200px) 100vw, 1200px" alt="" data-proportion="true" data-align="none" data-index="0" data-file-name="28c5fad2-supreme-nike-sb-dunk-low-stars-hyper-royal-dh3228-100.jpg" data-file-size="0" data-origin="," data-size="," data-rotate="" data-rotatex="" data-rotatey="" data-percentage="auto,auto" style=""><figcaption>Hiện chỉ có một đôi xanh được xuất hiện</figcaption></figure></div><figcaption>Hiện chỉ có một đôi xanh được xuất hiện</figcaption></figure><p></p><p>Lấy dòng giày hot nhất của năm 2020 để kết hợp và ra mắt năm 2021. Có vẻ đây là động thái của<span>&nbsp;</span><a href="https://snkrvn.com/tag/nike/">Nike</a><span>&nbsp;</span>muốn tiếp tục thống trị độ hype trên thị trường sportwear nói chung và thị trường giày nói riêng. Theo như thông tin thì vẫn sẽ có hoạ tiết như của 18 năm trước. Chúng ta vẫn sẽ thấy những ngôi sao trên phần giữa thân giày. Màu chủ đạo sẽ được tìm thấy xuyên suốt phần upper. Chất liệu sẽ được sử dụng giống như nhiều năm trước, đó là chất liệu da cá sấu. Có thể nói đôi<span>&nbsp;</span><a href="https://snkrvn.com/tag/supreme/">Supreme</a><span>&nbsp;</span>x Nike SB Dunk này chỉ có 2 màu. Màu trắng và một màu chủ đạo. Lần này, người hâm mộ sẽ có được đến bốn phối màu khác nhau, không phải ba như của năm 2003. Đó là màu đen, xanh dương, xanh lá và màu nâu gỗ.</p><p></p><figure><div class="se-component se-image-container __se__float-none" contenteditable="false"><figure style="margin: 0px;"><img src="https://snkrvn.com/wp-content/uploads/2020/10/9528cbca-122585215_199405434931940_3556893144105808061_n.jpg" data-sizes="(max-width: 1080px) 100vw, 1080px" alt="" data-proportion="true" data-align="none" data-index="1" data-file-name="9528cbca-122585215_199405434931940_3556893144105808061_n.jpg" data-file-size="0" data-origin="," data-size="," data-rotate="" data-rotatex="" data-rotatey="" data-percentage="auto,auto" style=""><figcaption>Bốn màu trên bản vẽ</figcaption></figure></div><figcaption>Bốn màu trên bản vẽ</figcaption></figure><p></p><p>Hiện chưa có ngày lên kệ chính thức. Nhưng theo như thông tin, thì bộ sưu tập này sẽ được ra mắt vào đầu năm 2021. Mới đầu năm thôi mà Nike đã đánh phủ đầu thế nào, không biết các hãng có chịu lại không nữa. Giá retail có thể rơi vào tầm $100-$150. Biết giá retail cho vui vậy thôi, chứ bạn chắc chỉ có dưới 1% cơ hội để mua được đôi siêu hype và hot này. Số lượng giày được sản xuất chắc chắn là cực kỳ giới hạn.</p>', 0, b'1', NULL),
	(12, 4, 'Phiên bản được mong chờ nhất của Nike đã xuất hiện', '2020-12-11 11:06:51', NULL, 'assets/img/blog/12/nike-sb-dunk-low-atmos-elephant-2020-release-date-00-960x640.jpg', 'Năm 2020 là một năm cực kỳ thành công của SB Dunk nói riêng và dòng Nike Dunk nói chung. Khi có rất nhiều brand hay celebrities “xếp hàng” để hợp tác cùng.', '<p>Năm 2020 là một năm cực kỳ thành công của SB Dunk nói riêng và dòng&nbsp;<a href="https://snkrvn.com/tag/nike/" style="background-color: rgb(255, 255, 255);">Nike</a>&nbsp;Dunk nói chung. Khi có rất nhiều brand hay celebrities “xếp hàng” để hợp tác cùng. Phối màu đã có những hình ảnh leak từ hồi tháng 3. Và không nói quá khi đã làm fan của Dunk và giới chơi giày được một phen dậy sóng và háo hức. Sau gần 7-8 tháng chờ đợi, cuồi cùng đôi giày này cũng có ngày ra mắt chính thức. Anh em chuẩn bị gom lúa và tinh thần xếp hàng từ bây giờ là ok rồi đấy.<br></p><p>Sau 3 năm vắng bóng, gam màu “<a href="https://snkrvn.com/?s=elephant+print">elephant print</a>” cuối cùng cũng đã quay trở lại. Vào lễ hội Air Max Day 2017, Atmos đã kết hợp với<span>&nbsp;</span><a href="https://snkrvn.com/tag/nike/">Nike</a><span>&nbsp;</span>để cho ra đời một đôi Air Max 1 có hoạ tiết elephant prints. Đôi này đã gây bão trong thời gian đó. Vì sự tinh tế của gam màu và độ êm ái, dễ chịu của bộ đế Air Max 1. Hiện nay trên<span>&nbsp;</span><a href="https://stockx.com/nike-air-max-1-atmos-2017">Stockx</a>, một đôi size 8 được bán gần $1,000. Nhìn vào số tiền là đã biết độ hype của nó lớn như thế nào rồi. Lần này, đôi Dunk này không collab với Atmos, mà chỉ mượn gam màu của elephant thôi. Những hoạ tiết elephant prints được tìm thấy xuyên suốt phần upper. Phần mũi giày có màu trắng làm cho đôi giày sáng hơn hẳn. Lưỡi gà và phần chính giữ phối màu này có màu đen. Và dấu Swoosh sẽ là màu xanh lam thường thấy. Vẫn giữ ba phối màu chủ đạo của elephant print là đen, trắng và hoạ tiết voi,<span>&nbsp;</span><a href="https://snkrvn.com/tag/nike/">Nike</a><span>&nbsp;</span>Dunk sẽ là một ứng cử viên nặng ký cho dành hiệu Sneaker of the Year.</p><p><br></p><p><br></p><p></p><figure><div class="se-component se-image-container __se__float-none" contenteditable="false"><figure style="margin: 0px;"><img src="https://snkrvn.com/wp-content/uploads/2020/10/atmos-Elephatnt-Nike-SB-Dunk-Low-BQ6817-009-2.jpg" data-sizes="(max-width: 1140px) 100vw, 1140px" alt="" data-proportion="true" data-align="none" data-index="0" data-file-name="atmos-Elephatnt-Nike-SB-Dunk-Low-BQ6817-009-2.jpg" data-file-size="0" data-origin="," data-size="," data-rotate="" data-rotatex="" data-rotatey="" data-percentage="auto,auto" style=""><figcaption>Hình ảnh closed up</figcaption></figure></div><figcaption>Hình ảnh closed up</figcaption></figure><p></p><div class="se-component se-image-container __se__float-none" contenteditable="false"><figure style="margin: 0px;"><img src="https://snkrvn.com/wp-content/uploads/2020/10/4380f177-31abb28c-b506-4d41-b283-19f9935f23f5.png" data-sizes="(max-width: 900px) 100vw, 900px" alt="" data-proportion="true" data-align="none" data-index="1" data-file-name="4380f177-31abb28c-b506-4d41-b283-19f9935f23f5.png" data-file-size="0" data-origin="," data-size="," data-rotate="" data-rotatex="" data-rotatey="" data-percentage="auto,auto" style=""></figure></div><p></p><figure><div class="se-component se-image-container __se__float-none" contenteditable="false"><figure style="margin: 0px;"><img src="https://snkrvn.com/wp-content/uploads/2020/10/atmos-Elephatnt-Nike-SB-Dunk-Low-BQ6817-009-4.jpg" data-sizes="(max-width: 1140px) 100vw, 1140px" alt="" data-proportion="true" data-align="none" data-index="2" data-file-name="atmos-Elephatnt-Nike-SB-Dunk-Low-BQ6817-009-4.jpg" data-file-size="0" data-origin="," data-size="," data-rotate="" data-rotatex="" data-rotatey="" data-percentage="auto,auto" style=""><figcaption>Góc ảnh nhìn từ trên xuống</figcaption></figure></div><figcaption>Góc ảnh nhìn từ trên xuống</figcaption></figure><p></p><p></p><figure><div class="se-component se-image-container __se__float-none" contenteditable="false"><figure style="margin: 0px;"><img src="https://snkrvn.com/wp-content/uploads/2020/10/atmos-Elephatnt-Nike-SB-Dunk-Low-BQ6817-009-1.jpg" data-sizes="(max-width: 1140px) 100vw, 1140px" alt="" data-proportion="true" data-align="none" data-index="3" data-file-name="atmos-Elephatnt-Nike-SB-Dunk-Low-BQ6817-009-1.jpg" data-file-size="0" data-origin="," data-size="," data-rotate="" data-rotatex="" data-rotatey="" data-percentage="auto,auto" style=""><figcaption>Đằng sau “mông”</figcaption></figure></div><figcaption>Đằng sau “mông”</figcaption></figure><p></p><p></p><figure><div class="se-component se-image-container __se__float-none" contenteditable="false"><figure style="margin: 0px;"><img src="https://snkrvn.com/wp-content/uploads/2020/10/4380f177-31abb28c-b506-4d41-b283-19f9935f23f5-1.png" data-sizes="(max-width: 900px) 100vw, 900px" alt="" data-proportion="true" data-align="none" data-index="4" data-file-name="4380f177-31abb28c-b506-4d41-b283-19f9935f23f5-1.png" data-file-size="0" data-origin="," data-size="," data-rotate="" data-rotatex="" data-rotatey="" data-percentage="auto,auto" style=""><figcaption>Bên ngoài đôi giày</figcaption></figure></div><figcaption>Bên ngoài đôi giày</figcaption></figure><p></p><p>Hiện tại, theo thông tin nhận được, đôi<span>&nbsp;</span><a href="https://snkrvn.com/tag/nike-dunk/">Nike Dunk</a><span>&nbsp;</span>này sẽ được lên kệ vào ngày 11 tháng 11. Vì không phải là phiên bản collab, cho nên giá retail sẽ là $110. Nhưng để mua được với giá retail, bạn phải thật sự may mắn. Giá resell có thể sẽ không dưới $500.</p>', 0, b'1', NULL),
	(13, 4, 'Liệu sẽ có sự kết hợp giữa Nike và adidas trong tương lai không xa?', '2020-12-11 11:07:56', NULL, 'assets/img/blog/13/READYMADE-Nike-Blazer-Mid-CZ3589-001-960x640.jpg', 'Dòng Nike Blazer Mid có lẽ là dòng được khá nhiều người ưa chuộng vì tính khả dụng và hợp túi tiền của nó. Hiện đã có rất nhiều phối màu và những phiên bản kết hợp trên dòng giày này.', '<p>Dòng<span>&nbsp;</span><a href="https://snkrvn.com/?s=blazer+mid">Nike Blazer Mid</a><span>&nbsp;</span>có lẽ là dòng được khá nhiều người ưa chuộng vì tính khả dụng và hợp túi tiền của nó. Hiện đã có rất nhiều phối màu và những phiên bản kết hợp trên dòng giày này. Chúng ta có thể kể đến phiên bản kết hợp hot nhất từ trước đến nay là Off-White x<span>&nbsp;</span><a href="https://snkrvn.com/tag/nike/">Nike</a><span>&nbsp;</span>Blazer Mid. Sắp tới đây, fan hâm mộ sẽ được thấy một phối màu và một Blazer Mid cực kỳ khác biệt.</p><p><a href="https://hypebeast.com/tags/readymade">READYMADE</a><span>&nbsp;</span>là một nhãn hàng đến từ đất nước mặt trời mọc, Nhật Bản. Yuta Hosokawa là người sáng lập và cũng là nhà thiết kế của hãng. Theo như anh nói, những chất liệu quần áo đều làm từ tay, từ những vật liệu truyền thống và vintage nhất. Đặc biệt hơn, nhà may của hãng là dùng để dệt may cho hoàng tộc của Nhật Bản thời xa xưa. Cho nên giá thành của mỗi sản phẩm khá đắt đỏ. Ban đầu,<span>&nbsp;</span><a href="https://snkrvn.com/tag/readymade/">READYMADE</a><span>&nbsp;</span>chỉ là một công ty để thử nghiệm thị hiếu của người tiêu dùng. Nhưng sau khi được Jerry Lorenzo, của Fear of God và Don C để mắt đến và cho ra đời những phiên bản collab trong năm 2013. Brand cuối cùng cũng được nhiều người biết đến và đứng trong top 100 “Sáng tạo nhất” của trang Hypebeast bình chọn.</p><p></p><figure><div class="se-component se-image-container __se__float-none" contenteditable="false"><figure style="margin: 0px;"><img src="https://snkrvn.com/wp-content/uploads/2020/10/https-hypebeast.com-image-2018-12-yuta-hosokawa-readymade-essentials-002.jpg" data-sizes="(max-width: 1170px) 100vw, 1170px" alt="" data-proportion="true" data-align="none" data-index="0" data-file-name="https-hypebeast.com-image-2018-12-yuta-hosokawa-readymade-essentials-002.jpg" data-file-size="0" data-origin="," data-size="," data-rotate="" data-rotatex="" data-rotatey="" data-percentage="auto,auto" style=""><figcaption>Nhà thiết kế Yuta Hosokawa. Những sản phẩm thường xuyên được<span>&nbsp;</span><a href="https://snkrvn.com/tag/travis-scott/">Travis Scott</a><span>&nbsp;</span>hay Jay-Z diện trên người</figcaption></figure></div><figcaption>Nhà thiết kế Yuta Hosokawa. Những sản phẩm thường xuyên được<span>&nbsp;</span><a href="https://snkrvn.com/tag/travis-scott/">Travis Scott</a><span>&nbsp;</span>hay Jay-Z diện trên người</figcaption></figure><p></p><p>Phiên bản collab lần nữa giữa<span>&nbsp;</span><a href="https://snkrvn.com/tag/nike/">Nike</a><span>&nbsp;</span>và<span>&nbsp;</span><a href="https://snkrvn.com/tag/readymade/">READYMADE</a><span>&nbsp;</span>để tạo nên một Blazer Mid cách tân. Thoạt nhìn thì giống như bao đôi Blazer Mid thông thường khác. Nhưng những chi tiết đã được thay đổi khá đáng kể. Dấu Swoosh cực đại phần upper được thay bằng Swoosh nhỏ, mỏng và cao hơn. Phần mũi giày và thân giữa giày được độn thêm hai lớp. Có vẻ những hãng đến từ Nhật thường thích phong cách này. Vì những phiên bản collab với Undercover và Sacai đều có dáng dấp như thế. Và lưỡi gà sẽ được làm cao hơn đôi giày. Ở phía cổ giày và đầu lưỡi gà có màu camo. Phía ở phía gót giày sẽ có logo<span>&nbsp;</span><a href="https://snkrvn.com/tag/readymade/">READYMADE</a>. Điều đặc biệt là đế của phiên bản lần này. Như chúng ta có thể thấy, trên đế sẽ có những hạt, làm liên tưởng ngay đến đế boost trứ danh của<span>&nbsp;</span><a href="https://snkrvn.com/tag/adidas/">adidas</a>. Có thể đó là chỉ là chi tiết tựa như chúng ta đang đi trên mây, chứ không hề có độ mềm dẻo như boost. Hay đây là một bộ đế sắp được<span>&nbsp;</span><a href="https://snkrvn.com/tag/nike/">Nike</a><span>&nbsp;</span>trình làng?</p><p></p><figure><div class="se-component se-image-container __se__float-none" contenteditable="false"><figure style="margin: 0px;"><img src="https://snkrvn.com/wp-content/uploads/2020/10/READYMADE-Nike-Blazer-Mid-CZ3589-001-1.jpg" data-sizes="(max-width: 1140px) 100vw, 1140px" alt="" data-proportion="true" data-align="none" data-index="1" data-file-name="READYMADE-Nike-Blazer-Mid-CZ3589-001-1.jpg" data-file-size="0" data-origin="," data-size="," data-rotate="" data-rotatex="" data-rotatey="" data-percentage="auto,auto" style=""><figcaption>Hình ảnh từ COPBYJC</figcaption></figure></div><figcaption>Hình ảnh từ COPBYJC</figcaption></figure><p></p><p></p><figure><div class="se-component se-image-container __se__float-none" contenteditable="false"><figure style="margin: 0px;"><img src="https://snkrvn.com/wp-content/uploads/2020/10/unnamed-32-2.jpg" data-sizes="(max-width: 1023px) 100vw, 1023px" alt="" data-proportion="true" data-align="none" data-index="2" data-file-name="unnamed-32-2.jpg" data-file-size="0" data-origin="," data-size="," data-rotate="" data-rotatex="" data-rotatey="" data-percentage="auto,auto" style=""><figcaption>Hình ảnh từ Sneakerjamz</figcaption></figure></div><figcaption>Hình ảnh từ Sneakerjamz</figcaption></figure><p></p><p>Hiện nay chưa có ngày phát hành chính thức dành cho phiên bản lần này. Giá dự kiến sẽ rơi vào khoảng $160-$180. Vì là collab nên giá có thể mắc hơn một tí.</p>', 0, b'1', NULL),
	(14, 4, 'Đến lượt SB Dunk nhuộm mình trong phối màu “Chicago”', '2020-12-11 11:11:26', NULL, 'assets/img/blog/14/Nike-SB-Dunk-Low-Pro-Chicago-5-960x640.jpg', 'Không nói quá khi nhiều người nói phối màu “Chicago” là phối màu classic và huyền thoại nhất của Jordan Brand. ', '<p>Không nói quá khi nhiều người nói phối màu “Chicago” là phối màu classic và huyền thoại nhất của&nbsp;<a href="https://snkrvn.com/tag/jordan-brand/" style="background-color: rgb(255, 255, 255);">Jordan Brand</a>. Vì đây gắn liền với màu áo đấu quen thuộc của đội bóng rổ Chicago Bulls yêu quý của Michael. Những phối màu đỏ, đen và trắng thường xuyên xuất hiện trên những dòng hot nhất của&nbsp;<a href="https://snkrvn.com/tag/jordan-brand/" style="background-color: rgb(255, 255, 255);">Jordan Brand</a>. Lần này đến lượt dòng<a href="https://snkrvn.com/?s=sb+dunk" style="background-color: rgb(255, 255, 255);">&nbsp;SB Dunk</a>&nbsp;được có vinh hạnh đó.<br></p><div class="se-component se-image-container __se__float-none" contenteditable="false"><figure style="margin: 0px;"><img src="https://snkrvn.com/wp-content/uploads/2020/10/nike-sb-dunk-low-chicago-BQ6817-600-1.jpg" data-sizes="(max-width: 1140px) 100vw, 1140px" alt="" data-proportion="true" data-align="none" data-index="0" data-file-name="nike-sb-dunk-low-chicago-BQ6817-600-1.jpg" data-file-size="0" data-origin="," data-size="," data-rotate="" data-rotatex="" data-rotatey="" data-percentage="auto,auto" style=""></figure></div><p>Hiện, dòng SB Dunk là dòng giày hot nhất trên thị trường. Sau những năm vắng bóng, giờ đây nó đã trở lại mạnh mẽ hơn bao giờ hết. Từ đôi đầu tiên được phát hành trong năm 2002, SB Dunk đã đóng một vai trò nhất dịnh trong thế giới giày. Trong thập niên 2000, bạn có thể thấy rất nhiều đi một đôi giày có lưỡi gà siêu “béo” như thế này. Trong nam 2005, là năm có thể nói là đẩy SB Dunk lên một tầm cao mới. Đôi “Pigeon” ra đời là dấu mốc cho một kỷ nguyên giày mới. Đã có bao động và xô xát xảy ra khi nhiều người chờ mua phiên bản này. SB Dunk đã và luôn đóng một vai trò nhất định trong giới mộ điệu. Sắp tới đây, chúng ta còn chiêm ngưỡng một sự kết hợp giữa classic và classic. Một SB Dunk đang trở lại thế đỉnh cao và một phối màu “Chicago” chưa bao giờ hết nhiệt. Vẫn phần lưỡi gà siêu “béo” thế, được phủ một màu trắng tinh khôi. Viền đỏ được thấy xuyên suốt trên đôi giày. Dấu Swoosh và gót có màu đen. Ba màu chủ đạo có thể dễ dàng nhìn thấy là đỏ, trắng và đen.</p><p></p><figure><div class="se-component se-image-container __se__float-none" contenteditable="false"><figure style="margin: 0px;"><img src="https://snkrvn.com/wp-content/uploads/2020/10/nike-sb-dunk-low-chicago-release-date.jpg" alt="" data-proportion="true" data-align="none" data-index="1" data-file-name="nike-sb-dunk-low-chicago-release-date.jpg" data-file-size="0" data-origin="," data-size="," data-rotate="" data-rotatex="" data-rotatey="" data-percentage="auto,auto" style=""><figcaption>Mặn mà mà không chói loá</figcaption></figure></div><figcaption>Mặn mà mà không chói loá</figcaption></figure><p></p><p></p><figure><div class="se-component se-image-container __se__float-none" contenteditable="false"><figure style="margin: 0px;"><img src="https://snkrvn.com/wp-content/uploads/2020/10/nike-sb-dunk-low-chicago-BQ6817-600-2.jpg" data-sizes="(max-width: 1140px) 100vw, 1140px" alt="" data-proportion="true" data-align="none" data-index="2" data-file-name="nike-sb-dunk-low-chicago-BQ6817-600-2.jpg" data-file-size="0" data-origin="," data-size="," data-rotate="" data-rotatex="" data-rotatey="" data-percentage="auto,auto" style=""><figcaption>Upper được làm chất liệu da</figcaption></figure></div><figcaption>Upper được làm chất liệu da</figcaption></figure><p></p><p></p><figure><div class="se-component se-image-container __se__float-none" contenteditable="false"><figure style="margin: 0px;"><img src="https://snkrvn.com/wp-content/uploads/2020/10/7041653a-118268194_1008592136252674_2707148248773604374_n.jpg" data-sizes="(max-width: 1079px) 100vw, 1079px" alt="" data-proportion="true" data-align="none" data-index="3" data-file-name="7041653a-118268194_1008592136252674_2707148248773604374_n.jpg" data-file-size="0" data-origin="," data-size="," data-rotate="" data-rotatex="" data-rotatey="" data-percentage="auto,auto" style=""><figcaption>Hình ảnh on feet</figcaption></figure></div><figcaption>Hình ảnh on feet</figcaption></figure><p></p><p>Theo lịch, đôi SB Dunk “Chicago” này sẽ được ra mắt nước Mỹ vào ngày 28 tháng 1 năm 2020. Và lên kệ ở thị phần Châu Âu vào ngày 1 tháng 9. Giá retail khá rẻ bọt, $90. Nhưng nếu các bạn không muốn chờ lâu thì hãy mua trên<span>&nbsp;</span><a href="https://stockx.com/nike-sb-dunk-low-j-pack-chicago?utm_source=google&amp;utm_medium=cpc&amp;utm_campaign=US-DynamicSearchAds&amp;utm_campaignid=1510637970&amp;content=288245453021&amp;keyword=&amp;gclid=Cj0KCQjwit_8BRCoARIsAIx3Rj492PrA4MTiiCRESwWXPB97nCC0lp1sE7tTj7LmaV5Od6ygM5NXhdcaAlaeEALw_wcB">Stockx</a><span>&nbsp;</span>nhé. Giá resell hiện giờ là rơi vào tầm $500. Sau 1-2 tuần giá có thể giảm xuống còn $300-400. Nhưng hứa hẹn sẽ tăng lại sau này.</p>', 0, b'1', NULL);
/*!40000 ALTER TABLE `blog` ENABLE KEYS */;

-- Dumping data for table pro1014.blog_comment: ~3 rows (approximately)
/*!40000 ALTER TABLE `blog_comment` DISABLE KEYS */;
INSERT INTO `blog_comment` (`id`, `blog_id`, `user_id`, `content`, `created`) VALUES
	(5, 4, 5, 'Chân em 24cm mang size mấy shop ơi', '2020-03-29 06:23:01'),
	(6, 10, 3, 'CÒn size 42 không shop', '2020-05-23 00:43:41'),
	(7, 7, 5, 'Mong rằng không bị nhầm size', '2020-12-02 18:17:50'),
	(8, 13, 1, 'Đôi này nặng không', '2020-07-01 09:21:47'),
	(9, 3, 2, 'Có bảng size không shop', '2020-10-24 21:33:24'),
	(10, 11, 3, 'vậy nếu mua về mang ko vừa có thể đổi trả ko', '2020-10-23 02:02:59'),
	(11, 8, 2, 'bạn ơi giày này size nào lớn nhất vậy bạn', '2020-08-04 02:48:47'),
	(12, 6, 4, 'Có tặng thêm tất không shop', '2019-12-19 12:31:35'),
	(13, 5, 4, 'Đôi này mang đẹp không ta', '2020-06-10 23:11:17'),
	(14, 3, 4, 'Mình mua rồi nè, đẹp lắm luôn', '2020-08-28 19:31:58'),
	(15, 12, 2, 'Còn không shop', '2020-02-15 14:22:32'),
	(16, 9, 4, 'Có màu trắng không vậy shop', '2020-05-25 08:54:02'),
	(17, 6, 3, 'Ship ra tới phú quốc là nhiu tiền shop và co size 42 hk sho', '2020-05-22 17:39:45'),
	(18, 10, 5, 'bàn chân minh 25.7 cm nên chon size bao nhiêu shop ơi', '2020-07-16 18:27:21'),
	(19, 12, 4, 'shop cho mình xin bảng đo size giày', '2020-01-04 15:33:22'),
	(20, 5, 1, 'Ship ra tới phú quốc là nhiu tiền shop và co size 42 hk shop', '2020-03-13 10:01:02'),
	(21, 6, 1, 'có đôi 44 ko ạk shop ơi', '2020-03-02 14:43:08'),
	(22, 4, 2, 'co size 41 ko shop', '2020-03-24 20:32:20'),
	(23, 11, 4, 'đi k vừa có được đổi k shop', '2020-09-06 12:47:05'),
	(24, 1, 1, 'chân e dài 24 cm rộng 10 mang size j vậy shop', '2020-08-03 19:05:18'),
	(25, 14, 3, 'Còn hàng không shop??', '2020-07-18 13:44:26'),
	(26, 11, 5, 'Có bảng đo size không shop ?', '2020-03-14 00:35:21'),
	(27, 11, 5, 'can nang 48k  chiều cao 1m7 size j vậy shop', '2020-04-22 19:21:45'),
	(28, 3, 5, 'z size 39 be 12 tuoi mag vua k', '2020-08-14 04:38:41'),
	(29, 7, 5, 'có cho xem hàng ko ạ', '2020-09-19 00:53:46'),
	(30, 12, 2, 'Rộng 11 dài 31 size bnhiu v shop', '2020-03-06 12:51:28'),
	(31, 4, 4, 'phí ship như nào ạ', '2020-03-11 05:49:54'),
	(32, 9, 1, 'còn hàng k ạ', '2020-06-22 10:18:10'),
	(33, 5, 3, 'nhan hang co dc kiếm hang ko', '2020-11-17 12:38:53'),
	(34, 14, 5, 'mình được kiểm tra hàng trước khi nhận không chị', '2020-04-29 04:45:00'),
	(35, 13, 4, 'dài 26.5 size nào vừa shop', '2020-06-11 02:47:56'),
	(36, 7, 2, 'có size 37 ko shop', '2019-12-11 22:20:11'),
	(37, 2, 4, 'Ủa EU:(1 con số) là size hả shop', '2020-02-28 01:58:21'),
	(38, 2, 3, 'shop ơi chân 24.5 chọn size nào', '2020-06-16 09:11:22'),
	(39, 2, 1, 'họn Size như nào đây Shop?', '2020-06-14 16:45:56'),
	(40, 2, 4, 'cho mình xin địa chỉ shop', '2020-05-06 16:09:32'),
	(41, 1, 2, 'ad cho em hỏi size dép em 42 thì mang giày size bao nhiêu ạ ?', '2020-02-20 17:51:21'),
	(42, 8, 4, 'shop ơi còn hàng ko ạ', '2020-03-03 14:58:42'),
	(43, 9, 1, 'hàng mua về thấy bị lỗi có đổi lại dc k ạk', '2020-08-17 04:34:02'),
	(44, 1, 5, '11k là ship hả', '2020-03-12 02:43:02'),
	(45, 2, 2, 'show nè có kèm phí vận chuyển đa phần là báo nhiêu vậy', '2020-10-12 21:45:50'),
	(46, 3, 5, 'dép mang size 41 dày mang size gì ạ', '2020-04-08 18:38:48'),
	(47, 2, 1, 'Dài 25.0 rộng 10.8 đi size nào ạ', '2020-08-20 17:13:00'),
	(48, 4, 3, 'Chào bạn, mình đặt hàng hôm qua. Muốn lấy màu đỏ đen, mà ko thấy trong mục đặt hàng có chỗ ghi chú? Giờ phải làm sao để báo giao đúng hàng cho mình?', '2020-07-14 00:54:58'),
	(49, 10, 4, 'dài 26,5 rộng 9,5 size nào vậy shop', '2020-06-24 23:10:55'),
	(50, 12, 1, 'shop cho em sin địa chỉ đi ạ , yêu shop <3', '2020-06-25 10:34:08'),
	(51, 4, 2, 'có size 44 k ạ', '2020-09-04 14:08:13'),
	(52, 4, 5, 'dài 22 rộng 8.5 đi size j đc ạ', '2020-08-04 04:09:12'),
	(53, 4, 2, 'mình mới đặt 2 đôi . 1 đen đỏ, 1 đen trắng ,hàng đẹp như hình', '2020-05-22 22:35:03'),
	(54, 8, 2, 'mình có thể đổi lên size 41 được không shop', '2020-10-20 11:54:01'),
	(55, 14, 1, 'có màu xanh đen hk shop e mang dep size 40 z mang giày size mấy ạ', '2020-11-27 14:20:23'),
	(56, 12, 3, 'shop ơi chân em dài là:24,5cm-rộng là 11,5cm vậy cho em hỏi em mua giày size bao nhiêu vậy ?', '2020-02-15 02:21:09'),
	(57, 8, 1, 'cao 1m70 nặng 53kg thì size bao nhiêu vậy bạn ??', '2020-10-06 20:09:27'),
	(58, 10, 4, 'dài 25cm rộng 10cm nên chọn size j ạ', '2020-09-21 10:32:46'),
	(59, 10, 4, 'mang đi học thể dục, đi chơi gì cx đc hã ?', '2020-01-15 20:35:01'),
	(60, 14, 3, 'mình thường đi giày công sở số 42, vậy loại giày này đi số bao nhiêu?', '2020-10-08 04:16:53'),
	(61, 7, 1, 'dài 21cm ngang 9cm mang size nào', '2020-10-28 13:19:44'),
	(62, 10, 5, 'tăng bao nhiêu cm vậy bn', '2020-02-07 21:24:20'),
	(63, 8, 5, 'shop ơi inb cho e với', '2020-09-22 17:59:11'),
	(64, 3, 5, 'mik mang dép size 40 đi giày bao nhiêu v shop', '2020-10-13 04:19:01'),
	(65, 8, 2, 'size 41 cỡ bao nhiêu ạ', '2020-04-25 22:07:58'),
	(66, 11, 2, 'size 39 to hay bé vậy shop', '2020-02-08 01:03:25'),
	(67, 8, 2, 'cho mk hỏi giày đen có phản quan ko ạ.mình sợ ko đúng mẫu.có thể kiểm hàng trc đc ko?', '2020-03-13 23:32:56'),
	(68, 6, 4, 'Mk cao m7 nặng 63kg thì đeo size nào ạ', '2020-08-14 16:34:35'),
	(69, 9, 2, 'còn zize 41 không ạ', '2020-10-24 21:30:07'),
	(70, 12, 1, 'có size 37 không ạ?', '2019-12-28 10:45:45'),
	(71, 5, 5, 'Thanh toán thẻ trước mới giao hàng à', '2020-02-23 09:31:19'),
	(72, 14, 2, 'Mình cao m7 nag 60 kg size nào ạ', '2020-09-29 11:36:11'),
	(73, 4, 5, 'Shop ơi cr 12, cd 26 thì size nào ạ', '2020-03-22 19:30:57'),
	(74, 4, 3, 'có hộp ko ạ', '2020-05-13 23:54:18');
/*!40000 ALTER TABLE `blog_comment` ENABLE KEYS */;

-- Dumping data for table pro1014.brand: ~10 rows (approximately)
/*!40000 ALTER TABLE `brand` DISABLE KEYS */;
INSERT INTO `brand` (`id`, `name`, `show`, `priority`) VALUES
	(1, 'Nike', NULL, 0),
	(2, 'Jordan', NULL, 1),
	(3, 'Adidas', NULL, 2),
	(4, 'Converse', NULL, 3),
	(5, 'Puma', NULL, 4),
	(6, 'Vans', NULL, 5),
	(7, 'Reebok', NULL, 6),
	(8, 'New Balance', NULL, 7),
	(9, 'Balenciaga', b'1', 10),
	(10, 'Chunky', b'1', 11);
/*!40000 ALTER TABLE `brand` ENABLE KEYS */;

-- Dumping data for table pro1014.cart: ~2 rows (approximately)
/*!40000 ALTER TABLE `cart` DISABLE KEYS */;
INSERT INTO `cart` (`user_id`, `product_id`, `size_id`, `quantity`) VALUES
	(1, 1, 38, 1),
	(1, 2, 43, 2);
/*!40000 ALTER TABLE `cart` ENABLE KEYS */;

-- Dumping data for table pro1014.color: ~9 rows (approximately)
/*!40000 ALTER TABLE `color` DISABLE KEYS */;
INSERT INTO `color` (`id`, `name`, `colorCode`) VALUES
	(1, 'Đen', '#000000'),
	(10, 'Trắng', '#fffffff'),
	(11, 'Xanh dương', '#0000FF'),
	(12, 'Đỏ', '#FF0000'),
	(13, 'Cam', '#FFA500'),
	(14, 'Vàng', '#FFFF00'),
	(15, 'Xanh lá', '#008000'),
	(16, 'Xám', '#808080'),
	(17, 'Pink	', '#FFC0CB');
/*!40000 ALTER TABLE `color` ENABLE KEYS */;

-- Dumping data for table pro1014.config: ~2 rows (approximately)
/*!40000 ALTER TABLE `config` DISABLE KEYS */;
INSERT INTO `config` (`id`, `name`, `config`) VALUES
	(1, 'default_layout', '{"home": ["layouts/header", "home/banner", "home/features", "home/newProduct", "home/category", "home/product", "home/ExclusiveDeal", "home/brand", "home/RelatedPoduct", "layouts/Footer"], "topmenu": [["Home", "home.php"], ["Shop", "shop.php"], ["Blog", "blog.php"], ["Contact", "contact.php"], ["Login", "account.php"], ["Admin", "admin.php"]]}'),
	(2, 'layout', '{"home": ["layouts/header", "home/banner", "home/features", "home/newProduct", "home/category", "home/product", "home/ExclusiveDeal", "home/brand", "home/RelatedProduct", "layouts/Footer"], "topmenu": [["Home", "home.php"], ["Shop", "shop.php"], ["Blog", "blog.php"], ["Contact", "contact.php"], ["Login", "account.php"], ["Admin", "admin.php"]]}');
/*!40000 ALTER TABLE `config` ENABLE KEYS */;

-- Dumping data for table pro1014.deal: ~0 rows (approximately)
/*!40000 ALTER TABLE `deal` DISABLE KEYS */;
INSERT INTO `deal` (`id`, `end_time`, `start_time`) VALUES
	(1, '2020-11-06 22:32:25', '2020-11-03 22:32:30');
/*!40000 ALTER TABLE `deal` ENABLE KEYS */;

-- Dumping data for table pro1014.deal_detail: ~0 rows (approximately)
/*!40000 ALTER TABLE `deal_detail` DISABLE KEYS */;
INSERT INTO `deal_detail` (`deal_id`, `product_id`, `quantity`, `deal_thumb`, `deal_price`, `sold`) VALUES
	(1, 1, 100, 'assets/img/product/1/1.jpg', 75, 13);
/*!40000 ALTER TABLE `deal_detail` ENABLE KEYS */;

-- Dumping data for table pro1014.order: ~7 rows (approximately)
/*!40000 ALTER TABLE `order` DISABLE KEYS */;
INSERT INTO `order` (`id`, `user_id`, `status`, `created`, `name`, `address`, `phone`, `email`) VALUES
	(1, 1, 0, '2020-11-10 18:40:53', NULL, NULL, NULL, NULL),
	(2, 3, 1, '2020-10-27 18:40:53', NULL, NULL, NULL, NULL),
	(3, 1, 3, '2020-11-20 12:36:53', NULL, NULL, NULL, NULL),
	(4, 2, 1, '2020-11-06 23:33:53', NULL, NULL, NULL, NULL),
	(5, 2, 0, '2020-11-07 16:02:53', NULL, NULL, NULL, NULL),
	(6, 2, 3, '2020-11-13 11:33:30', NULL, NULL, NULL, NULL),
	(7, 2, 2, '2020-11-13 11:33:47', NULL, NULL, NULL, NULL);
/*!40000 ALTER TABLE `order` ENABLE KEYS */;

-- Dumping data for table pro1014.order_detail: ~2 rows (approximately)
/*!40000 ALTER TABLE `order_detail` DISABLE KEYS */;
INSERT INTO `order_detail` (`order_id`, `product_id`, `size_id`, `quantity`, `price`) VALUES
	(1, 7, 38, 1, 750000),
	(1, 14, 38, 1, 1250000);
/*!40000 ALTER TABLE `order_detail` ENABLE KEYS */;

-- Dumping data for table pro1014.product: ~30 rows (approximately)
/*!40000 ALTER TABLE `product` DISABLE KEYS */;
INSERT INTO `product` (`id`, `name`, `cost`, `price`, `description`, `thumb`, `images`, `update`, `show`, `priority`, `view`, `brand_id`, `color_id`) VALUES
	(1, 'Giày Vans Old Skool Đen, Bản Cổ Điển', 900000, 850000, '<p>Số lượng giới hạn ! Sản phẩm có số lượng giới hạn và thường sẽ hết mà không có thông báo trước.</div><div>Đổi Trả Dễ Dàng - Dễ dàng đổi nếu size không vừa hoặc sản phẩm lỗi sau khi nhận hàng.<br></div><div>Giao Hàng Toàn Quốc - Đơn hàng đặt trước 17h sẽ được chốt ngay trong ngày và đến tay quí khách trong khoảng 3-5 ngày. Khu vực nội thành HCM giao nhanh trong vòng 2h.<br></div><div>Có Sẵn Tại Cửa Hàng - Khách hàng tại khu vực HCM có thể đến trực tiếp cửa hàng của chúng tôi.</p>', 'assets/img/product/1/1224.jpg', '["assets/img/product/1/1224.jpg", "assets/img/product/1/4790.jpg", "assets/img/product/1/389.jpg", "assets/img/product/1/7299.jpg", "assets/img/product/1/7751.jpg", "assets/img/product/1/9031.jpg"]', '2020-11-18 00:00:00', NULL, NULL, 26, 6, 1),
	(2, 'Giày Trắng Vans Old Skool True White', 900000, 850000, '<p>Fullbox Old Skool Full White Trắng. Phù hợp: nam nữ, đi học, đi làm, hoạt động thể thao. Size: 36-44. Chất liệu: Canvas. Giao hàng toàn quốc. Bảo hành 3 tháng. Đổi trả dễ dàng. Streetwear, trẻ trung năng động.</p>', 'assets/img/product/2/1.jpg', '["assets/img/product/2/1.jpg", "assets/img/product/2/2.jpg", "assets/img/product/2/3.jpg", "assets/img/product/2/4.jpg"]', '2020-11-04 00:00:00', NULL, NULL, 94, 6, 10),
	(3, 'Giày Nike Air Force 1 ‘Just Do It’', 2100000, 1990000, '<p>Air Force 1 “JUST DO IT” được coi là một trong những đứa con cưng của N.ike, góp phần đưa khách hàng đến gần hơn với nhà sản xuất. Thương hiệu và uy tín của hãng vì thế mà cũng ngày càng được đánh giá cao hơn sau sự kiện ra mắt của dòng sản phẩm đẳng cấp này.Dòng giày này không phải là quá mới mẻ với các tín đồ giày nhưng sức hút của nó thì chưa bao giờ mất đi. Bạn có thể sử dụng giày để đi hàng ngày và đặc biệt có thể trưng diện vào những dịp đặc biệt, lễ hội, tiệc tùng một cách ấn tượng, không cầu kỳ nhưng vẫn luôn thể hiện được đẳng cấp riêng của mình.</p>', 'assets/img/product/3/1.jpg', '["assets/img/product/3/1.jpg", "assets/img/product/3/2.jpg", "assets/img/product/3/3.jpg", "assets/img/product/3/4.jpg", "assets/img/product/3/5.jpg", "assets/img/product/3/6.jpg", "assets/img/product/3/7.jpg", "assets/img/product/3/8.jpg", "assets/img/product/3/9.jpg"]', '2020-11-04 00:00:00', NULL, NULL, 49, 1, 10),
	(4, 'Giày Adidas Alphabounce Beyond Cloud White', 1500000, 1150000, '<p>Fullbox Alphabounce Beyond. 2 ver Trắng / Đen. Phù hợp: nam nữ, đi học, đi làm, tập gym. Size: 36-44. Êm chân, thoáng khí. Giao hàng toàn quốc. Bảo hành 3 tháng. Đổi trả dễ dàng. Streetwear, trẻ trung năng động.</p>', 'assets/img/product/4/1.jpg', '["assets/img/product/4/1.jpg", "assets/img/product/4/2.jpg", "assets/img/product/4/3.jpg", "assets/img/product/4/4.jpg"]', '2020-11-18 20:48:21', NULL, NULL, 25, 3, 10),
	(5, 'Giày Nike Air Force 1 Low GS Triple White', 1000000, 750000, '<p>Air Force 1 (AF1) là một trong những mẫu sneaker kinh điển mọi thời đại của thương hiệu này. Là một trong những item được cả những người sành giày và các bạn trẻ yêu thích phong cách thời trang đường phố trên khắp thế giới yêu thích. Thiết kế trẻ trung với duy nhất một màu trắng chính là điểm nhấn đặc biệt. Mọi thứ bạn trải qua trên đôi chân sẽ được lưu lại vĩnh viễn.</p>', 'assets/img/product/5/1.jpg', '["assets/img/product/5/1.jpg", "assets/img/product/5/2.jpg", "assets/img/product/5/3.jpg", "assets/img/product/5/4.jpg", "assets/img/product/5/5.jpg", "assets/img/product/5/6.jpg"]', '2020-11-18 20:54:48', NULL, NULL, 63, 1, 10),
	(6, 'Giày Addias Stan Smith Fairway', 850000, 790000, '<p>Fullbox Stan Smith. 2 ver Trắng Gót Xanh/ Full White. Thiết kế basic trend dài dài. Phù hợp: nam nữ, đi học, đi làm, hoạt động thể thao. Size: 36-44. Chất liệu: Da. Giao hàng toàn quốc. Bảo hành 3 tháng. Đổi trả dễ dàng. Streetwear, trẻ trung năng động.</p>', 'assets/img/product/6/1.jpg', '["assets/img/product/6/1.jpg", "assets/img/product/6/2.jpg", "assets/img/product/6/3.jpg", "assets/img/product/6/4.jpg"]', '2020-11-18 20:54:48', NULL, NULL, 31, 3, 10),
	(7, 'Giày Trắng Adidas Stan Smith Triple', 850000, 790000, '<p>Fullbox Stan Smith. 2 ver Trắng Gót Xanh/ Full White. Thiết kế basic trend dài dài. Phù hợp: nam nữ, đi học, đi làm, hoạt động thể thao. Size: 36-44. Chất liệu: Da. Giao hàng toàn quốc. Bảo hành 3 tháng. Đổi trả dễ dàng. Streetwear, trẻ trung năng động.</p>', 'assets/img/product/7/1.jpg', '["assets/img/product/7/1.jpg", "assets/img/product/7/2.jpg", "assets/img/product/7/3.jpg", "assets/img/product/7/4.jpg", "assets/img/product/7/5.jpg"]', '2020-11-18 20:54:48', NULL, NULL, 39, 3, 10),
	(8, 'Giày Trắng Addias Superstar Running', 850000, 750000, '<p>Fullbox Superstar Trắng. Điểm nhấn: mũi giày, tem vàng. Style basic trend dài dài. Phù hợp: nam nữ, đi học, đi làm, hoạt động thể thao. Size: 36-44. Chất liệu: Da Trơn. Giao hàng toàn quốc. Bảo hành 3 tháng. Đổi trả dễ dàng.</p>', 'assets/img/product/8/1.jpg', '["assets/img/product/8/1.jpg", "assets/img/product/8/2.jpg", "assets/img/product/8/3.jpg", "assets/img/product/8/4.jpg"]', '2020-11-18 20:54:48', NULL, NULL, 63, 3, 10),
	(9, 'Giày Trắng Nike Air Max 97 Ultra 17 Triple', 1100000, 1000000, '<p>Air Max 97 có thiết kế lấy cảm hứng từ chiếc tàu siêu tốc – bullet train của Nhật và cấu tạo từ chất liệu mesh. Một dòng air max trong bộ sưu tập air max huyền thoại của thương hiệu này. Toàn bộ đế giày được lót đệm khí so với những phiên bản air max đời trước. Vừa cổ điển vừa hiện đại, năng động, sáng tạo là tất cả những gì có thể nói về Air Max 97 – sở hữu vẻ đặc trưng , nổi bật không thể lẫn lộn.</p>', 'assets/img/product/9/1.jpg', '["assets/img/product/9/1.jpg", "assets/img/product/9/2.jpg", "assets/img/product/9/3.jpg"]', '2020-11-18 20:54:48', NULL, NULL, 25, 1, 10),
	(10, 'Giày Đen Nike Air Max 97 Ultra 17 Triple', 1100000, 1000000, '<p>Air Max 97 có thiết kế lấy cảm hứng từ chiếc tàu siêu tốc – bullet train của Nhật và cấu tạo từ chất liệu mesh. Một dòng air max trong bộ sưu tập air max huyền thoại của thương hiệu này. Toàn bộ đế giày được lót đệm khí so với những phiên bản air max đời trước. Vừa cổ điển vừa hiện đại, năng động, sáng tạo là tất cả những gì có thể nói về Air Max 97 – sở hữu vẻ đặc trưng , nổi bật không thể lẫn lộn.</p>', 'assets/img/product/10/1.jpg', '["assets/img/product/10/1.jpg", "assets/img/product/10/2.jpg", "assets/img/product/10/3.jpg"]', '2020-11-18 20:54:48', NULL, NULL, 74, 1, 1),
	(11, 'Giày Trắng New Balance CRT 300 Beige Navy', 1500000, 1250000, '<p>Fullbox NB CRT 300. 3 ver Gót Đỏ / Xanh Navy / Full White. Phù hợp: nam nữ, đi học, đi làm, hoạt động thể thao. Size: 36-44. Chất liệu: Da lộn. Giao hàng toàn quốc. Bảo hành 3 tháng. Đổi trả dễ dàng. Streetwear, trẻ trung năng động.</p>', 'assets/img/product/11/1.jpg', '["assets/img/product/11/1.jpg", "assets/img/product/11/2.jpg", "assets/img/product/11/3.jpg"]', '2020-11-18 20:54:48', NULL, NULL, 53, 8, 10),
	(12, 'Giày Addias Prophere Grey Solar Red', 1500000, 1050000, '<p>Fullbox Prophere. 3 ver Trắng / Đen / Xám. Đế giày tăng chiều cao. Phù hợp: nam nữ, đi học, đi làm, hoạt động thể thao. Size: 36-44. Giao hàng toàn quốc. Bảo hành 3 tháng. Đổi trả dễ dàng. Streetwear, trẻ trung năng động.</p>', 'assets/img/product/12/1.jpg', '["assets/img/product/12/1.jpg", "assets/img/product/12/2.jpg", "assets/img/product/12/3.jpg"]', '2020-11-18 20:54:48', NULL, NULL, 27, 3, 10),
	(13, 'Giày Nữ Nike Air Force 1 Shadow Pale Ivory.', 1300000, 1190000, '<p>Giày sneaker Nike Air Force 1. Phong cách trẻ trung năng động. Thích hợp Nữ du lịch, đi học, chơi thể thao,… Đế Double Air nâng dáng.</p>', 'assets/img/product/13/1.jpg', '["assets/img/product/13/1.jpg", "assets/img/product/13/2.jpg", "assets/img/product/13/3.jpg", "assets/img/product/13/4.jpg", "assets/img/product/13/5.jpg", "assets/img/product/13/6.jpg", "assets/img/product/13/7.jpg"]', '2020-11-18 20:54:48', NULL, NULL, 82, 1, 10),
	(14, 'Giày Adidas NMD R1 Grey', 1300000, 1190000, '<p>Fullbox NMD R1. 2 màu Xám / Trắng. Đế boost đàn hồi êm chân. Phù hợp: nam nữ, đi học, đi làm, hoạt động thể thao. Size: 36-44. Chất liệu: Vải dệt Primeknit. Giao hàng toàn quốc. Bảo hành 3 tháng. Đổi trả dễ dàng.</p>', 'assets/img/product/14/1.jpg', '["assets/img/product/14/1.jpg", "assets/img/product/14/2.jpg", "assets/img/product/14/3.jpg", "assets/img/product/14/4.jpg"]', '2020-11-18 20:54:48', NULL, NULL, 28, 3, 10),
	(15, 'Giày Nike Air Force 1 ’07 LV8 Overbranding.', 1300000, 1190000, '<p>Fullbox A.i.r Force 1 ’07 LV8 Utility. Basic mà style cực kì. Phù hợp: nam nữ, đi học, đi làm, hoạt động thể thao. Size: 36-44. Chất liệu: Da. Giao hàng toàn quốc. Bảo hành 3 tháng. Đổi trả dễ dàng. Streetwear, trẻ trung năng động.</p>', 'assets/img/product/15/1.jpg', '["assets/img/product/14/1.jpg", "assets/img/product/14/2.jpg", "assets/img/product/14/3.jpg", "assets/img/product/14/4.jpg", "assets/img/product/14/5.jpg", "assets/img/product/14/6.jpg"]', '2020-11-18 20:54:48', NULL, NULL, 45, 3, 10),
	(16, 'Giày Balenciaga Triple S Trainer phiên bản xanh đỏ 2018', 1659000, 1590000, '<p>Fullbox Balen Triple S Trainer Blue Red 2018. Dad Shoe. Đế giày tăng chiều cao. Phù hợp: nam nữ, đi học, đi làm, hoạt động thể thao. Size: 36-44. Chất liệu: Da. Giao hàng toàn quốc. Bảo hành 3 tháng. Đổi trả dễ dàng. Streetwear, trẻ trung năng động.</p>', 'assets/img/product/16/18 (1).jpg', '["assets/img/product/16/18 (1).jpg", "assets/img/product/16/18 (2).jpg", "assets/img/product/16/18 (3).jpg", "assets/img/product/16/18 (4).jpg"]', '2020-12-07 15:50:57', NULL, NULL, 0, 9, 11),
	(17, 'Balenciaga Triple S Trainer phiên bản màu trắng 2018', 1659000, 1590000, '<p>Đây là thương hiệu thời trang lâu đời nổi tiếng, cao cấp nhất nhì thế giới được thành lập từ năm 1919. Tiếp nối sự thành công, thương hiệu tiếp tục tung ra Triple S – dòng giày đa sắc màu, phá bỏ mọi giới hạn, đủ đẹp, đủ chất để khiến giới mộ điệu lại một lần nữa phải điên đảo Đây là mẫu giày cũng được nhiều người nghệ sĩ thế giới lựa chọn. Tại Việt Nam, giày Triple S được rất nhiều nghệ sĩ nổi tiếng yêu thích.</p>', 'assets/img/product/17/19 (1).jpg', '["assets/img/product/17/19 (1).jpg", "assets/img/product/17/19 (2).jpg", "assets/img/product/17/19 (3).jpg", "assets/img/product/17/19 (4).jpg"]', '2020-12-07 15:15:07', NULL, NULL, 0, 9, 10),
	(18, 'Balenciaga Triple S Trainer phiên bản màu xám 2018', 1659000, 1590000, '<p>Balenciaga Triple S Trainer phiên bản màu xám 2018 khi đập vào mắt bạn là 1 thiết kế hầm hố có có thiết kế khá hiếm hoi về độ đồ sộ của em nó, Được xem là 1 trong những mẫu giày sang chảnh nhất cho tới thời điểm hiện tại bây giờ, Balenciaga Triple S Trainer vẫn là dòng được yêu thích nhiều nhất cũng như độ hót của nó.</p>', 'assets/img/product/18/20 (1).jpg', '["assets/img/product/18/20 (1).jpg", "assets/img/product/18/20 (2).jpg", "assets/img/product/18/20 (3).jpg"]', '2020-12-07 15:19:39', NULL, NULL, 0, 9, 16),
	(19, 'Nike Air Jordan 1 X Off-White X Retro High OG  Trắng', 1659000, 1590000, '<p>Giày Off White X Air Jordan là một sản phẩm kết hợp xu hướng Off White đang thống trị xu thế đường phố vẫn với tinh thần Giày Air Jordan kèm với một số chi tiết nổi bật đặc trưng của Off White. Chính những điều đó đã mang đến nét mới lạ cho Air Jordan.</p>', 'assets/img/product/19/21 (1).jpg', '["assets/img/product/19/21 (1).jpg", "assets/img/product/19/21 (2).jpg", "assets/img/product/19/21 (3).jpg", "assets/img/product/19/21 (4).jpg", "assets/img/product/19/21 (5).jpg"]', '2020-12-07 15:30:55', NULL, NULL, 0, 1, 10),
	(20, 'Giày Chunky Sneaker Nữ Màu Trắng, Giày Thể Thao Đế Cao', 415000, 335000, '<p>Giày sneaker thể thao nữ trắng.Phong cách trẻ trung năng động.Thích hợp khi tham gia các hoạt động vui chơi, du lịch, thể thao,Chất liệu thân giày: Da PU, Vải lưới. Chất liệu đế: Cao su tổng hợp bền chắc.</p>', 'assets/img/product/20/22 (1).jpg', '["assets/img/product/20/22 (1).jpg", "assets/img/product/20/22 (2).jpg", "assets/img/product/20/22 (3).jpg", "assets/img/product/20/22 (4).jpg", "assets/img/product/20/22 (5).jpg"]', '2020-12-07 15:40:01', NULL, NULL, 0, 10, 10),
	(21, 'Nike M2K Tekno Phantom màu cam', 1390000, 1190000, '<p>Fullbox M2K Tekno Platinum Tint Celery. Phù hợp: Nam Nữ, đi học, đi làm, hoạt động thể thao. Size: 36-44. Chất liệu: Da. Giao hàng toàn quốc. Bảo hành 3 tháng. Đổi trả dễ dàng. Streetwear, trẻ trung năng động.</p>', 'assets/img/product/21/23 (1).jpg', '["assets/img/product/21/23 (1).jpg", "assets/img/product/21/23 (2).jpg", "assets/img/product/21/23 (3).jpg", "assets/img/product/21/23 (4).jpg", "assets/img/product/21/23 (5).jpg"]', '2020-12-07 15:48:34', NULL, NULL, 0, 1, 13),
	(22, 'Giày Yeezy Boost 700 Inertia', 1450000, 1390000, '<p>Yeezy Boost 700 với thiết kế thông minh, gam màu tinh tế, chất liệu bằng vải Primeknit bền nhẹ nhằm giảm tối đa trọng lượng giày khi mang nên không thể phủ nhận độ HOT của Yz .Công nghệ chống nhấc gót và đế Boost êm ái trợ lực giúp ích tuyệt đối cho những ai thường xuyên phải vận động.</p>', 'assets/img/product/22/16 (2).jpg', '["assets/img/product/22/16 (2).jpg", "assets/img/product/22/16 (3).jpg", "assets/img/product/22/16 (4).jpg"]', '2020-12-07 16:09:16', NULL, NULL, 0, 3, 11),
	(23, 'Giày Adidas Falcon Crystal White Navy', 1390000, 1290000, '<p>Adidas không khiến fans của hãng giày 3 sọc này thất vọng khi liên tiếp cho release những mẫu giày độc đáo đậm tính thời trang và luôn cháy hàng trên mọi mặt trận. Falcon là ví dụ điển hình cho xu hướng sáng tạo và học hỏi không ngừng của hãng giày đạt doanh thu số 1 toàn cầu năm 2019. Kyile Jenner đã trở thành người quảng bá hình ảnh cho dòng giày ra mắt vào mùa Hè năm nay. Phủ sóng trên mọi mặt trận thời trang và là item không thể thiếu trong tủ giày. Có thể nói Adidas Falcon là mẫu giày bạn không thể bỏ lỡ.</p>', 'assets/img/product/23/17 (1).jpg', '["assets/img/product/23/17 (1).jpg", "assets/img/product/23/17 (2).jpg", "assets/img/product/23/17 (3).jpg", "assets/img/product/23/17 (4).jpg"]', '2020-12-07 16:12:40', NULL, NULL, 0, 3, 10),
	(24, 'Giày Balenciaga Triple S Clear Sole màu hồng', 1390000, 1290000, '<p><p>Đây là thương hiệu thời trang lâu đời nổi tiếng, cao cấp nhất nhì thế giới được thành lập từ năm 1919. Tiếp nối sự thành công, thương hiệu tiếp tục tung ra Triple S – dòng giày đa sắc màu, phá bỏ mọi giới hạn, đủ đẹp, đủ chất để khiến giới mộ điệu lại một lần nữa phải điên đảo Đây là mẫu giày cũng được nhiều người nghệ sĩ thế giới lựa chọn. Tại Việt Nam, giày Triple S được rất nhiều nghệ sĩ nổi tiếng yêu thích.</p></p>', 'assets/img/product/24/24 (1).jpg', '["assets/img/product/24/24 (1).jpg", "assets/img/product/24/24 (2).jpg", "assets/img/product/24/24 (3).jpg", "assets/img/product/24/24 (4).jpg"]', '2020-12-07 16:18:57', NULL, NULL, 0, 9, 17),
	(25, 'Giày Converse Chuck 70 High Top Sunflower (1970s)', 950000, 890000, '<p>Phiên bản cổ cao màu vàng cá tính của Chuck 1970s được giới trẻ nhiệt tình ưu ái bởi sự hiện đại, tiện dụng. Thay đổi ở đế giày với màu trắng ngà và cao hơn so với các phiên bản khác. Phần thân giày có màu sắc đồng bộ với đế giày và có độ thanh mảnh hơn. Chất vải Canvas dày, nhẹ, bền chắc giúp người dùng có được sự thoải mái. Đường chỉ trắng chạy dọc thân giày được chăm chút tỉ mỉ hơn rất nhiều.</p>', 'assets/img/product/25/25 (2).jpg', '["assets/img/product/25/25 (1).jpg", "assets/img/product/25/25 (2).jpg", "assets/img/product/25/25 (3).jpg", "assets/img/product/25/25 (4).jpg"]', '2020-12-07 16:32:20', NULL, NULL, 0, 4, 14),
	(26, 'Giày Converse Chuck Taylor All-Star 70s Hi Comme Des Garcons PLAY Black (1970s CDG)', 1160000, 990000, '<p>Đôi giày CDG Play x CV 1970 được ra mắt lần đầu vào năm 2013. Sự kết hợp này không chỉ mang đến một hình ảnh mới mẻ cho CV 1970 cũng như CDG Play mà còn tạo được dấu ấn khá rõ nét trong lòng những ai đam mê sneakers. Đơn giản mà hiệu quả, nắm bắt được tâm lý này của giới đam mê thời trang và sneakers toàn thế giới, COMME des GARÇONS Play và CV 1970 thật sự đã mang đến một làn gió mới cho những ai yêu thích sự giản đơn nhưng vẫn thể hiện được phong cách riêng và sự sáng tạo trong đó.</p>', 'assets/img/product/26/26 (1).jpg', '["assets/img/product/26/26 (1).jpg", "assets/img/product/26/26 (2).jpg", "assets/img/product/26/26 (3).jpg", "assets/img/product/26/26 (4).jpg"]', '2020-12-07 16:49:24', NULL, NULL, 0, 4, 1),
	(27, 'Giày Converse Chuck 70 X PEACEMINUSONE (1970s)', 1390000, 1290000, '<p>Khoen xỏ lỗ giày và khoen bên hông giày được làm từ kim loại cao cấp chống rỉ sét.Phần thân giày có màu sắc đồng bộ với đế giày và có độ thanh mảnh hơn. Chất vải Canvas dày, nhẹ, bền chắc giúp người dùng có được sự thoải mái. Đường chỉ trắng chạy dọc thân giày được chăm chút tỉ mỉ hơn rất nhiều.Kiểu dáng retro vintage huyền thoại.Chất vải canvas dày dặn 340g, form giày cứng cáp.Đế giày cao 3.5cm màu trắng ngà và được phủ bóng để dễ dàng dễ vệ sinh.Đệm chân Ortholite mềm mại hỗ trợ đi lại cả ngày.Khoen xỏ lỗ giày và khoen bên hông giày được làm từ kim loại cao cấp chống rỉ sét</p>', 'assets/img/product/27/27 (1).jpg', '["assets/img/product/27/27 (1).jpg", "assets/img/product/27/27 (2).jpg", "assets/img/product/27/27 (3).jpg", "assets/img/product/27/27 (4).jpg"]', '2020-12-07 16:53:07', NULL, NULL, 0, 4, 1),
	(28, 'Giày New Balance 996 Navy', 1390000, 1190000, '<p>Dễ dàng nhận thấy ngôn ngữ thiết kế của NB luôn xuyên suốt với nhau, vẫn “mô tuýp” ấy, vẫn những chất liệu ấy, chỉ nhấn nhá một chút sự khác biệt trên mỗi đôi giày nhưng không vì thế mà làm cho nó trở nên nhàm chán, tất đều có những nét quyến rũ, hấp dẫn của riêng mình.</p>', 'assets/img/product/28/28 (1).jpg', '["assets/img/product/28/28 (1).jpg", "assets/img/product/28/28 (2).jpg", "assets/img/product/28/28 (3).jpg", "assets/img/product/28/28 (4).jpg", "assets/img/product/28/28 (5).jpg"]', '2020-12-07 16:56:24', NULL, NULL, 0, 8, 11),
	(29, 'Giày New Balance 574 Grey. Giày Sneaker, Giày Thể Thao New Balance Nam Nữ Xám', 1390000, 1290000, '<p>Dễ dàng nhận thấy ngôn ngữ thiết kế của NB luôn xuyên suốt với nhau, vẫn “mô tuýp” ấy, vẫn những chất liệu ấy, chỉ nhấn nhá một chút sự khác biệt trên mỗi đôi giày nhưng không vì thế mà làm cho nó trở nên nhàm chán, tất đều có những nét quyến rũ, hấp dẫn của riêng mình.</p>', 'assets/img/product/29/29 (1).jpg', '["assets/img/product/29/29 (1).jpg", "assets/img/product/29/29 (2).jpg", "assets/img/product/29/29 (3).jpg", "assets/img/product/29/29 (4).jpg"]', '2020-12-07 16:58:58', NULL, NULL, 0, 8, 16),
	(30, 'Giày Vans Style 36 “Marshmallow” Jolly xanh lá', 1060000, 890000, '<p>Van.s Style 36 Marshmallow: đôi Vans đẹp khó cưỡng. Van.s là một trong những cái tên gắn liền với nhiều thế hệ học sinh, sinh viên nhất. Đặc biệt là trong vài năm trở lại đây, Van.s lại tạo nên một cơn sốt sneaker với nhiều bạn trẻ châu Á, trong đó có cả Việt Nam. Điểm chung trong hầu hết các mẫu giày của Van.s là thiết kế đơn giản, trẻ trung lại dễ ứng dụng. Vì thế, dù không có quá nhiều cải tiến về phom dáng mà chỉ đẩy mạnh vào việc thay đổi màu sắc, họa tiết trong suốt nhiều năm qua nhưng giày của Van.s vẫn được mến mộ. Giờ đây, Van.s là một trong những items gần như “phải có” trong tủ giày của mỗi bạn trẻ.</p>', 'assets/img/product/30/30 (1).jpg', '["assets/img/product/30/30 (1).jpg", "assets/img/product/30/30 (2).jpg", "assets/img/product/30/30 (3).jpg", "assets/img/product/30/30 (4).jpg", "assets/img/product/30/30 (5).jpg"]', '2020-12-07 17:02:57', NULL, NULL, 0, 6, 15);
/*!40000 ALTER TABLE `product` ENABLE KEYS */;

-- Dumping data for table pro1014.product_comment: ~4 rows (approximately)
/*!40000 ALTER TABLE `product_comment` DISABLE KEYS */;
INSERT INTO `product_comment` (`id`, `product_id`, `user_id`, `content`, `created`) VALUES
	(1, 1, 1, 'Giày đẹp lắm!!', '2020-11-18 23:50:27'),
	(2, 1, 2, 'Giày quá đẹp. <3 <3', '2020-11-18 22:38:28'),
	(3, 2, 3, 'Giao hàng cực nhanh', '2020-11-18 21:33:29'),
	(4, 1, 3, 'Shop uy tính', '2020-11-18 14:38:29'),
	(5, 4, 5, 'Chân em 24cm mang size mấy shop ơi', '2020-03-29 06:23:01'),
	(6, 10, 3, 'CÒn size 42 không shop', '2020-05-23 00:43:41'),
	(7, 7, 5, 'Mong rằng không bị nhầm size', '2020-12-02 18:17:50'),
	(8, 13, 1, 'Đôi này nặng không', '2020-07-01 09:21:47'),
	(9, 3, 2, 'Có bảng size không shop', '2020-10-24 21:33:24'),
	(10, 11, 3, 'vậy nếu mua về mang ko vừa có thể đổi trả ko', '2020-10-23 02:02:59'),
	(11, 8, 2, 'bạn ơi giày này size nào lớn nhất vậy bạn', '2020-08-04 02:48:47'),
	(12, 6, 4, 'Có tặng thêm tất không shop', '2019-12-19 12:31:35'),
	(13, 5, 4, 'Đôi này mang đẹp không ta', '2020-06-10 23:11:17'),
	(14, 3, 4, 'Mình mua rồi nè, đẹp lắm luôn', '2020-08-28 19:31:58'),
	(15, 12, 2, 'Còn không shop', '2020-02-15 14:22:32'),
	(16, 9, 4, 'Có màu trắng không vậy shop', '2020-05-25 08:54:02'),
	(17, 6, 3, 'Ship ra tới phú quốc là nhiu tiền shop và co size 42 hk sho', '2020-05-22 17:39:45'),
	(18, 10, 5, 'bàn chân minh 25.7 cm nên chon size bao nhiêu shop ơi', '2020-07-16 18:27:21'),
	(19, 12, 4, 'shop cho mình xin bảng đo size giày', '2020-01-04 15:33:22'),
	(20, 5, 1, 'Ship ra tới phú quốc là nhiu tiền shop và co size 42 hk shop', '2020-03-13 10:01:02'),
	(21, 6, 1, 'có đôi 44 ko ạk shop ơi', '2020-03-02 14:43:08'),
	(22, 4, 2, 'co size 41 ko shop', '2020-03-24 20:32:20'),
	(23, 11, 4, 'đi k vừa có được đổi k shop', '2020-09-06 12:47:05'),
	(24, 1, 1, 'chân e dài 24 cm rộng 10 mang size j vậy shop', '2020-08-03 19:05:18'),
	(25, 14, 3, 'Còn hàng không shop??', '2020-07-18 13:44:26'),
	(26, 11, 5, 'Có bảng đo size không shop ?', '2020-03-14 00:35:21'),
	(27, 11, 5, 'can nang 48k  chiều cao 1m7 size j vậy shop', '2020-04-22 19:21:45'),
	(28, 3, 5, 'z size 39 be 12 tuoi mag vua k', '2020-08-14 04:38:41'),
	(29, 7, 5, 'có cho xem hàng ko ạ', '2020-09-19 00:53:46'),
	(30, 12, 2, 'Rộng 11 dài 31 size bnhiu v shop', '2020-03-06 12:51:28'),
	(31, 4, 4, 'phí ship như nào ạ', '2020-03-11 05:49:54'),
	(32, 9, 1, 'còn hàng k ạ', '2020-06-22 10:18:10'),
	(33, 5, 3, 'nhan hang co dc kiếm hang ko', '2020-11-17 12:38:53'),
	(34, 14, 5, 'mình được kiểm tra hàng trước khi nhận không chị', '2020-04-29 04:45:00'),
	(35, 13, 4, 'dài 26.5 size nào vừa shop', '2020-06-11 02:47:56'),
	(36, 7, 2, 'có size 37 ko shop', '2019-12-11 22:20:11'),
	(37, 2, 4, 'Ủa EU:(1 con số) là size hả shop', '2020-02-28 01:58:21'),
	(38, 2, 3, 'shop ơi chân 24.5 chọn size nào', '2020-06-16 09:11:22'),
	(39, 2, 1, 'họn Size như nào đây Shop?', '2020-06-14 16:45:56'),
	(40, 2, 4, 'cho mình xin địa chỉ shop', '2020-05-06 16:09:32'),
	(41, 1, 2, 'ad cho em hỏi size dép em 42 thì mang giày size bao nhiêu ạ ?', '2020-02-20 17:51:21'),
	(42, 8, 4, 'shop ơi còn hàng ko ạ', '2020-03-03 14:58:42'),
	(43, 9, 1, 'hàng mua về thấy bị lỗi có đổi lại dc k ạk', '2020-08-17 04:34:02'),
	(44, 1, 5, '11k là ship hả', '2020-03-12 02:43:02'),
	(45, 2, 2, 'show nè có kèm phí vận chuyển đa phần là báo nhiêu vậy', '2020-10-12 21:45:50'),
	(46, 3, 5, 'dép mang size 41 dày mang size gì ạ', '2020-04-08 18:38:48'),
	(47, 2, 1, 'Dài 25.0 rộng 10.8 đi size nào ạ', '2020-08-20 17:13:00'),
	(48, 4, 3, 'Chào bạn, mình đặt hàng hôm qua. Muốn lấy màu đỏ đen, mà ko thấy trong mục đặt hàng có chỗ ghi chú? Giờ phải làm sao để báo giao đúng hàng cho mình?', '2020-07-14 00:54:58'),
	(49, 10, 4, 'dài 26,5 rộng 9,5 size nào vậy shop', '2020-06-24 23:10:55'),
	(50, 12, 1, 'shop cho em sin địa chỉ đi ạ , yêu shop <3', '2020-06-25 10:34:08'),
	(51, 4, 2, 'có size 44 k ạ', '2020-09-04 14:08:13'),
	(52, 4, 5, 'dài 22 rộng 8.5 đi size j đc ạ', '2020-08-04 04:09:12'),
	(53, 4, 2, 'mình mới đặt 2 đôi . 1 đen đỏ, 1 đen trắng ,hàng đẹp như hình', '2020-05-22 22:35:03'),
	(54, 8, 2, 'mình có thể đổi lên size 41 được không shop', '2020-10-20 11:54:01'),
	(55, 14, 1, 'có màu xanh đen hk shop e mang dep size 40 z mang giày size mấy ạ', '2020-11-27 14:20:23'),
	(56, 12, 3, 'shop ơi chân em dài là:24,5cm-rộng là 11,5cm vậy cho em hỏi em mua giày size bao nhiêu vậy ?', '2020-02-15 02:21:09'),
	(57, 8, 1, 'cao 1m70 nặng 53kg thì size bao nhiêu vậy bạn ??', '2020-10-06 20:09:27'),
	(58, 10, 4, 'dài 25cm rộng 10cm nên chọn size j ạ', '2020-09-21 10:32:46'),
	(59, 10, 4, 'mang đi học thể dục, đi chơi gì cx đc hã ?', '2020-01-15 20:35:01'),
	(60, 14, 3, 'mình thường đi giày công sở số 42, vậy loại giày này đi số bao nhiêu?', '2020-10-08 04:16:53'),
	(61, 7, 1, 'dài 21cm ngang 9cm mang size nào', '2020-10-28 13:19:44'),
	(62, 10, 5, 'tăng bao nhiêu cm vậy bn', '2020-02-07 21:24:20'),
	(63, 8, 5, 'shop ơi inb cho e với', '2020-09-22 17:59:11'),
	(64, 3, 5, 'mik mang dép size 40 đi giày bao nhiêu v shop', '2020-10-13 04:19:01'),
	(65, 8, 2, 'size 41 cỡ bao nhiêu ạ', '2020-04-25 22:07:58'),
	(66, 11, 2, 'size 39 to hay bé vậy shop', '2020-02-08 01:03:25'),
	(67, 8, 2, 'cho mk hỏi giày đen có phản quan ko ạ.mình sợ ko đúng mẫu.có thể kiểm hàng trc đc ko?', '2020-03-13 23:32:56'),
	(68, 6, 4, 'Mk cao m7 nặng 63kg thì đeo size nào ạ', '2020-08-14 16:34:35'),
	(69, 9, 2, 'còn zize 41 không ạ', '2020-10-24 21:30:07'),
	(70, 12, 1, 'có size 37 không ạ?', '2019-12-28 10:45:45'),
	(71, 5, 5, 'Thanh toán thẻ trước mới giao hàng à', '2020-02-23 09:31:19'),
	(72, 14, 2, 'Mình cao m7 nag 60 kg size nào ạ', '2020-09-29 11:36:11'),
	(73, 4, 5, 'Shop ơi cr 12, cd 26 thì size nào ạ', '2020-03-22 19:30:57'),
	(74, 4, 3, 'có hộp ko ạ', '2020-05-13 23:54:18');
/*!40000 ALTER TABLE `product_comment` ENABLE KEYS */;

-- Dumping data for table pro1014.product_detail: ~174 rows (approximately)
/*!40000 ALTER TABLE `product_detail` DISABLE KEYS */;
INSERT INTO `product_detail` (`product_id`, `size_id`, `quantity`) VALUES
	(1, 38, 26),
	(1, 39, 13),
	(1, 42, 31),
	(2, 36, 45),
	(14, 47, 10),
	(4, 45, 21),
	(11, 37, 31),
	(6, 45, 34),
	(12, 36, 70),
	(8, 46, 65),
	(11, 47, 48),
	(13, 37, 25),
	(3, 43, 62),
	(3, 45, 47),
	(4, 47, 73),
	(9, 40, 62),
	(15, 43, 37),
	(4, 38, 73),
	(11, 35, 17),
	(5, 48, 46),
	(8, 37, 91),
	(4, 35, 66),
	(9, 46, 27),
	(6, 42, 60),
	(15, 39, 71),
	(12, 46, 69),
	(8, 42, 43),
	(3, 40, 16),
	(12, 45, 17),
	(15, 38, 39),
	(2, 47, 71),
	(11, 37, 94),
	(9, 39, 82),
	(12, 35, 57),
	(13, 39, 38),
	(14, 47, 38),
	(4, 40, 66),
	(6, 48, 100),
	(12, 39, 24),
	(6, 36, 13),
	(14, 44, 73),
	(9, 41, 38),
	(2, 48, 84),
	(4, 45, 10),
	(11, 36, 79),
	(7, 36, 56),
	(9, 35, 35),
	(8, 38, 47),
	(9, 48, 70),
	(12, 40, 91),
	(4, 42, 70),
	(12, 45, 94),
	(8, 45, 79),
	(5, 48, 44),
	(17, 36, 10),
	(17, 37, 10),
	(17, 38, 10),
	(17, 39, 35),
	(17, 40, 25),
	(17, 41, 50),
	(17, 42, 35),
	(17, 43, 10),
	(17, 44, 20),
	(18, 36, 10),
	(18, 37, 40),
	(18, 38, 10),
	(18, 39, 35),
	(18, 40, 25),
	(18, 41, 20),
	(18, 42, 35),
	(18, 43, 10),
	(18, 44, 20),
	(19, 39, 15),
	(19, 40, 15),
	(19, 41, 15),
	(19, 42, 15),
	(19, 43, 15),
	(20, 35, 10),
	(20, 36, 10),
	(20, 37, 10),
	(20, 38, 10),
	(20, 39, 15),
	(20, 40, 15),
	(20, 41, 15),
	(21, 36, 10),
	(21, 37, 10),
	(21, 38, 10),
	(21, 39, 15),
	(21, 40, 15),
	(21, 41, 15),
	(21, 42, 15),
	(21, 43, 15),
	(21, 44, 20),
	(16, 36, 30),
	(16, 37, 10),
	(16, 38, 10),
	(16, 39, 35),
	(16, 40, 25),
	(16, 41, 20),
	(16, 42, 35),
	(16, 43, 10),
	(16, 44, 20),
	(22, 37, 10),
	(22, 38, 10),
	(22, 39, 15),
	(22, 40, 15),
	(22, 41, 15),
	(22, 42, 15),
	(23, 37, 10),
	(23, 38, 10),
	(23, 39, 15),
	(23, 40, 15),
	(23, 41, 15),
	(23, 42, 15),
	(23, 43, 15),
	(24, 36, 10),
	(24, 37, 10),
	(24, 38, 10),
	(24, 39, 35),
	(24, 40, 25),
	(24, 41, 20),
	(24, 42, 35),
	(24, 43, 15),
	(24, 44, 20),
	(25, 36, 10),
	(25, 37, 10),
	(25, 38, 10),
	(25, 39, 15),
	(25, 40, 15),
	(25, 41, 15),
	(25, 42, 35),
	(25, 43, 15),
	(25, 44, 20),
	(26, 36, 10),
	(26, 37, 10),
	(26, 38, 10),
	(26, 39, 15),
	(26, 40, 15),
	(26, 41, 15),
	(26, 42, 15),
	(26, 43, 15),
	(26, 44, 20),
	(27, 36, 10),
	(27, 37, 10),
	(27, 38, 10),
	(27, 39, 35),
	(27, 40, 25),
	(27, 41, 20),
	(27, 42, 35),
	(27, 43, 10),
	(27, 44, 20),
	(28, 36, 30),
	(28, 37, 10),
	(28, 38, 10),
	(28, 39, 35),
	(28, 40, 25),
	(28, 41, 20),
	(28, 42, 35),
	(28, 43, 10),
	(29, 36, 10),
	(29, 37, 10),
	(29, 38, 10),
	(29, 39, 35),
	(29, 40, 25),
	(29, 41, 20),
	(29, 42, 35),
	(29, 43, 10),
	(30, 36, 10),
	(30, 37, 10),
	(30, 38, 10),
	(30, 39, 15),
	(30, 40, 15),
	(30, 41, 15),
	(30, 42, 15);
/*!40000 ALTER TABLE `product_detail` ENABLE KEYS */;

-- Dumping data for table pro1014.review: ~2 rows (approximately)
/*!40000 ALTER TABLE `review` DISABLE KEYS */;
INSERT INTO `review` (`id`, `product_id`, `user_id`, `review`, `rate`) VALUES
	(1, 1, 1, 'Nice shoes !!!', 5),
	(2, 1, 2, 'It Beauty !!!', 4),
	(3, 17, 1, 'Giày đẹp, đúng như ảnh mẫu, shop giao đúng màu đúng size! Giao hàng siêu nhanh dù không đặt hỏa tốc', 5),
	(4, 2, 2, 'sản phẩm đẹp. đáng mua..Các bạn nên mua ạ. Mình rất ưng ý với sản phẩm này', 5),
	(5, 18, 1, 'giày đẹp lắm giao hàng còn nhanh nữa', 2),
	(6, 15, 5, 'giày bao đẹp như nhi mu', 3),
	(7, 1, 5, 'hàng ok. nhưng mình chọn sai nhỏ 1chút', 3),
	(8, 28, 1, 'ổn trong tầm giá.', 5),
	(9, 17, 1, 'Giày đẹp, đúng như ảnh mẫu, shop giao đúng màu đúng size! Giao hàng siêu nhanh dù không đặt hỏa tốc', 5),
	(10, 2, 2, 'sản phẩm đẹp. đáng mua..Các bạn nên mua ạ. Mình rất ưng ý với sản phẩm này', 5),
	(11, 18, 1, 'giày đẹp lắm giao hàng còn nhanh nữa', 2),
	(12, 15, 5, 'giày bao đẹp như nhi mu', 3),
	(13, 1, 5, 'hàng ok. nhưng mình chọn sai nhỏ 1chút', 3),
	(14, 28, 1, 'ổn trong tầm giá.', 5),
	(15, 15, 3, 'giày đẹp ', 2),
	(16, 25, 2, 'rất ok ạ giá rẻ', 5),
	(17, 26, 5, 'giày đẹp thanks shop săn hôm 11-11 very good', 2),
	(18, 18, 2, 'khá ổn phù hợp đáng đồng tiền bát gạo', 4),
	(19, 5, 4, 'giày rất đẹp nha mn', 2),
	(20, 22, 3, 'tuy đến tay hộp móp méo nhưng sản phẩm đúng như hình. rất hài lòng với số tiền bỏ ra', 3),
	(21, 28, 2, 'giày đẹp ạ,giao nhanh', 5),
	(22, 6, 3, 'sản phẩm rất đẹp, chất lượng giống ảnh của shop!', 5),
	(23, 29, 4, 'Sản phẩm đẹp rât vừa ý ', 4),
	(24, 22, 3, 'Hàng đẹp cũng ok phù hợp vơi giá tiền', 3),
	(25, 10, 5, 'Chất lượng sp tốt.giầy đẹp.', 3),
	(26, 21, 4, 'Giầy rất là đẹp ạ', 4),
	(27, 29, 1, 'Giày đế hơi cao nhưng tổng quan khá rẻ và đẹp, đi cũng êm.', 5),
	(28, 5, 2, 'Sản phẩm đẹp, chất lượng', 5),
	(29, 22, 4, 'sản phẩm đẹp tuyệt vời, chất lượng,', 3),
	(30, 2, 5, 'Mọi người nên mua nhé', 3),
	(31, 8, 2, 'Hàng ok nhưng bị tróc 1 ít', 4),
	(32, 7, 2, 'shop rất uy tín,giao hàg đúng time,mẫu mã đẹp.mình rất ưng.thanks all shop nhiều', 2),
	(33, 21, 3, 'Giày rất đẹp chưa biết chất lượng ntn nhưng trong tầm giá này thì quá đỉnh rồi', 1),
	(34, 21, 3, 'hàng đẹp, giao hàng nhanh. nói chung quá phù hợp với giá cả', 5),
	(35, 16, 4, 'giày rất đẹp luôn, em mua cho người yêu mà ưng dễ sợ.', 2),
	(36, 21, 5, 'có điều hơi to mặc dù lấy size bé nhất trong shop.', 1),
	(37, 15, 5, 'nhìn sơ qua ngoài khá giống trong hình.', 4),
	(38, 19, 3, 'giày đẹp', 3),
	(39, 23, 1, 'Giày đẹp', 2),
	(40, 19, 3, 'Mẫu mã chính xác', 3),
	(41, 4, 5, 'shop giao hàng nhanh, đẹp.', 5),
	(42, 30, 1, 'hàng tạm ổn. lớp vỏ ngoài giống như là giấy ép.', 2),
	(43, 21, 5, 'sản phẩm = với giá tiền ', 3),
	(44, 1, 5, 'hàng đúng theo đặt... nhìn đẹp lắm..', 5),
	(45, 7, 1, 'Mẫu mã đẹp ', 3),
	(46, 2, 3, 'ok. nhé..', 2),
	(47, 13, 4, 'hàng đúng màu đúng size ', 5),
	(48, 5, 3, 'rất đẹp', 4),
	(49, 5, 1, 'sản phẩm cực đẹp cực rẻ.', 3),
	(50, 22, 2, 'giày rât đẹp giống như hình.', 4),
	(51, 28, 3, 'hàng đẹp.', 2),
	(52, 16, 5, 'giao đúng màu đúng mẫu đúng size.', 5),
	(53, 26, 2, 'Nội thành hà nội nhưng 2-3ngày mới nhận đc hàng', 3),
	(54, 28, 5, 'Thái độ shipper rất tốt', 3),
	(55, 23, 1, 'Hàng khá ok', 4),
	(56, 7, 3, 'Rất vừa chân và nhẹ', 3),
	(57, 22, 4, 'Nhìn kỹ sẽ phát hiện một số chi tiết không giống hình và chưa được nịnh mắt.', 3),
	(58, 23, 5, 'chưa đi nhưng giao đúng màu', 4),
	(59, 14, 5, 'sp rất tốt', 1),
	(60, 9, 2, 'hàng ok nhung chât lượng đóng  gói thì tẹ', 5),
	(61, 29, 2, 'giầy rất đẹp nha mn', 5),
	(62, 15, 5, 'hàng đẹp , rẻ , giao hàng nhanh , hoàn hảo luôn ', 3),
	(63, 3, 3, 'Hàng khá ok', 4),
	(64, 11, 5, 'Mẫu mã đẹp', 5),
	(65, 27, 2, 'giao đúng màu đúng mẫu đúng size.', 1),
	(66, 26, 5, 'Mẫu mã chính xác', 3),
	(67, 7, 5, 'Giày đẹp', 5),
	(68, 20, 3, 'giày rất đẹp luôn, em mua cho người yêu mà ưng dễ sợ.', 1),
	(69, 29, 3, 'giày rất đẹp nha mn', 1),
	(70, 14, 2, 'giày bao đẹp như nhi mu', 1),
	(71, 17, 4, 'Rất vừa chân và nhẹ', 2),
	(72, 19, 5, 'àng đúng theo đặt... nhìn đẹp lắm..', 5),
	(73, 30, 5, 'sp rất tốt', 5),
	(74, 24, 5, 'Hàng khá ok', 5),
	(75, 11, 4, 'Thái độ shipper rất tốt', 5),
	(76, 29, 1, 'sản phẩm = với giá tiền ', 5),
	(77, 11, 3, 'nhìn sơ qua ngoài khá giống trong hình.', 2),
	(78, 4, 2, 'Hàng đẹp cũng ok phù hợp vơi giá tiền', 2);
/*!40000 ALTER TABLE `review` ENABLE KEYS */;

-- Dumping data for table pro1014.size: ~14 rows (approximately)
/*!40000 ALTER TABLE `size` DISABLE KEYS */;
INSERT INTO `size` (`id`, `size`) VALUES
	(35, 35),
	(36, 36),
	(37, 37),
	(38, 38),
	(39, 39),
	(40, 40),
	(41, 41),
	(42, 42),
	(43, 43),
	(44, 44),
	(45, 45),
	(46, 46),
	(47, 47),
	(48, 48);
/*!40000 ALTER TABLE `size` ENABLE KEYS */;

-- Dumping data for table pro1014.slider: ~2 rows (approximately)
/*!40000 ALTER TABLE `slider` DISABLE KEYS */;
INSERT INTO `slider` (`id`, `product_id`, `img`, `description`, `title`, `show`, `priority`) VALUES
	(3, 3, 'assets/img/product/3/nike-air-force-1-jdi.png', 'Từng bừng Khai Trương, Khuyến Mãi Đến 30% Tất Cả các mặt hàng.', 'Giảm giá đến 30%!!!', NULL, 0),
	(4, 3, 'assets/img/product/3/nike-air-force-1-jdi.png', 'Từng bừng Khai Trương, Khuyến Mãi Đến 30% Tất Cả các mặt hàng.', 'Giảm giá đến 30%!!!', NULL, 0);
/*!40000 ALTER TABLE `slider` ENABLE KEYS */;

-- Dumping data for table pro1014.tag_blog: ~8 rows (approximately)
/*!40000 ALTER TABLE `tag_blog` DISABLE KEYS */;
INSERT INTO `tag_blog` (`id`, `name`, `show`, `priority`) VALUES
	(1, 'Giày Yeezy', NULL, NULL),
	(2, 'Giày Air Max 98', NULL, NULL),
	(3, 'Giày Air Jordan 11', NULL, NULL),
	(4, 'Giày Air Max 270', NULL, NULL),
	(5, 'Giày Kyrie 4', NULL, NULL),
	(17, 'Giày Adidas', NULL, NULL),
	(18, 'Giày Nike', NULL, NULL),
	(19, 'Giày Vans', NULL, 1);
/*!40000 ALTER TABLE `tag_blog` ENABLE KEYS */;

-- Dumping data for table pro1014.tag_of_blog: ~18 rows (approximately)
/*!40000 ALTER TABLE `tag_of_blog` DISABLE KEYS */;
INSERT INTO `tag_of_blog` (`blog_id`, `tag_id`) VALUES
	(1, 1),
	(1, 3),
	(2, 17),
	(3, 18),
	(4, 17),
	(5, 1),
	(5, 18),
	(6, 17),
	(6, 18),
	(6, 19),
	(7, 3),
	(8, 3),
	(9, 18),
	(10, 18),
	(11, 18),
	(12, 18),
	(13, 17),
	(13, 18),
	(14, 3),
	(14, 18);
/*!40000 ALTER TABLE `tag_of_blog` ENABLE KEYS */;

-- Dumping data for table pro1014.tag_of_product: ~18 rows (approximately)
/*!40000 ALTER TABLE `tag_of_product` DISABLE KEYS */;
INSERT INTO `tag_of_product` (`product_id`, `tag_id`) VALUES
	(1, 6),
	(2, 7),
	(3, 6),
	(16, 3),
	(17, 7),
	(18, 3),
	(19, 3),
	(20, 7),
	(21, 3),
	(22, 3),
	(23, 6),
	(24, 7),
	(25, 3),
	(26, 6),
	(27, 7),
	(28, 3),
	(29, 3),
	(30, 3);
/*!40000 ALTER TABLE `tag_of_product` ENABLE KEYS */;

-- Dumping data for table pro1014.tag_product: ~7 rows (approximately)
/*!40000 ALTER TABLE `tag_product` DISABLE KEYS */;
INSERT INTO `tag_product` (`id`, `name`, `show`, `priority`) VALUES
	(1, 'Giày Adidas Superstar', NULL, NULL),
	(2, 'Giày NMD', NULL, NULL),
	(3, 'Giày Athletic & Sneakers', NULL, NULL),
	(4, 'Giày Ultraboost', NULL, NULL),
	(5, 'Stan Smith', NULL, NULL),
	(6, 'Giày Nam', NULL, NULL),
	(7, 'Giày Nữ', NULL, NULL);
/*!40000 ALTER TABLE `tag_product` ENABLE KEYS */;

-- Dumping data for table pro1014.user: ~5 rows (approximately)
/*!40000 ALTER TABLE `user` DISABLE KEYS */;
INSERT INTO `user` (`id`, `username`, `password`, `email`, `phone`, `created`, `birthday`, `fullname`, `avartar`, `rank`, `address`, `verification_code`) VALUES
	(1, 'huy', '$2y$10$q/CXZMVUqI8jetJUR0mCWuiSS.irB1KAM4xDDLuYGxgpcGkohZsH.', 'huy@gmail.com', '09090909', '2020-10-10 05:37:57', '2001-04-21 18:38:23', 'Nguyễn Văn Huy', 'assets/img/user/1.jpg', 10, 'Quận 1, HCMC', NULL),
	(2, 'dien', '$2y$10$Zmag6qzDtujLQ1c1jhnXhuiDtklo0gSPVY3G6qUfUU1x3Se8ixqXq', 'dien@gmail.com', '08080808', '2020-10-11 01:37:58', '2001-05-05 18:38:24', 'Nguyễn Văn Điền', 'assets/img/user/2.jpg', 1, 'Quận 2, HCMC', NULL),
	(3, 'dung', '$2y$10$xEyjNLhkwDstItvTU3/3LujzVGhy5YAq0YyNS5KsB.GrNKPHFhQq.', 'dung@gmail.com', '07070707', '2020-10-10 08:37:59', '2001-07-15 18:38:25', 'Nguyễn Văn Dung', 'assets/img/user/3.jpg', 1, 'Quận 3, HCMC', NULL),
	(4, 'admin', '$2y$10$RdzH.ludsZX6/m2a8.TnZe2N4yT9ioPaIIiL9DpLGMMuKPiJ4u8Im', 'huyn.dev@gmail.com', NULL, '2020-11-27 10:14:53', NULL, 'Nguyễn Thị A Đê Min', 'assets/img/user/noavt.jpg', 10, NULL, 'NULL'),
	(5, 'user', '$2y$10$XRVjjRGu0F8mSucFAZ9QLuHQkG0N1U6dr07QocigaYI7iBuJkCk5.', 'huynguyeexn@gmail.com', NULL, '2020-11-27 10:14:54', NULL, NULL, NULL, 1, NULL, 'NULL');
/*!40000 ALTER TABLE `user` ENABLE KEYS */;

/*!40101 SET SQL_MODE=IFNULL(@OLD_SQL_MODE, '') */;
/*!40014 SET FOREIGN_KEY_CHECKS=IF(@OLD_FOREIGN_KEY_CHECKS IS NULL, 1, @OLD_FOREIGN_KEY_CHECKS) */;
/*!40101 SET CHARACTER_SET_CLIENT=@OLD_CHARACTER_SET_CLIENT */;
